"row ID","SlogP","SMR","LabuteASA","TPSA","AMW","ExactMW","NumLipinskiHBA","NumLipinskiHBD","NumRotatableBonds","NumHBD","NumHBA","NumAmideBonds","NumHeteroAtoms","NumHeavyAtoms","NumAtoms","NumStereocenters","NumUnspecifiedStereocenters","NumRings","NumAromaticRings","NumSaturatedRings","NumAliphaticRings","NumAromaticHeterocycles","NumSaturatedHeterocycles","NumAliphaticHeterocycles","NumAromaticCarbocycles","NumSaturatedCarbocycles","NumAliphaticCarbocycles","FractionCSP3","Chi0v","Chi1v","Chi2v","Chi3v","Chi4v","Chi1n","Chi2n","Chi3n","Chi4n","HallKierAlpha","kappa1","kappa2","kappa3","slogp_VSA1","slogp_VSA2","slogp_VSA3","slogp_VSA4","slogp_VSA5","slogp_VSA6","slogp_VSA7","slogp_VSA8","slogp_VSA9","slogp_VSA10","slogp_VSA11","slogp_VSA12","smr_VSA1","smr_VSA2","smr_VSA3","smr_VSA4","smr_VSA5","smr_VSA6","smr_VSA7","smr_VSA8","smr_VSA9","smr_VSA10","peoe_VSA1","peoe_VSA2","peoe_VSA3","peoe_VSA4","peoe_VSA5","peoe_VSA6","peoe_VSA7","peoe_VSA8","peoe_VSA9","peoe_VSA10","peoe_VSA11","peoe_VSA12","peoe_VSA13","peoe_VSA14","MQN1","MQN2","MQN3","MQN4","MQN5","MQN6","MQN7","MQN8","MQN9","MQN10","MQN11","MQN12","MQN13","MQN14","MQN15","MQN16","MQN17","MQN18","MQN19","MQN20","MQN21","MQN22","MQN23","MQN24","MQN25","MQN26","MQN27","MQN28","MQN29","MQN30","MQN31","MQN32","MQN33","MQN34","MQN35","MQN36","MQN37","MQN38","MQN39","MQN40","MQN41","MQN42"
"erk2_37",5.2074000000000025,117.55739999999999,190.97436705816352,93.80000000000001,474.8700000000001,474.1070381560001,6,4,6,4,3,1,10,33,51,1,1,4,4,0,0,2,0,0,2,0,0,0.13043478260869565,17.7057723309812,10.207759660492982,7.73587948305866,5.354650684502726,3.615938333380869,9.829795187483755,7.299443702586675,5.119553581714987,3.4256504852416687,-3.559999999999999,22.627433577459144,9.12619065120786,4.939990856310499,5.316788604006331,32.80193122625442,6.176298517443475,0,27.657208991462234,66.99099075938064,5.022633313741326,22.384282469939446,0,13.171245143024459,0,11.600939890232516,23.07230972193699,0,20.498130741555613,0,12.218139346591435,6.606881964512918,88.83445505136443,0,22.384282469939446,17.508119619584022,15.407294519794245,9.893218992372859,0,18.269926951325495,0,35.866408164078955,41.45873832570204,22.346379868748393,30.102945851819413,5.693927994848461,0,0,5.907179729351506,6.176298517443475,23,3,1,0,0,0,0,1,3,2,0,33,13,1,0,11,11,0,6,8,6,4,4,0,0,6,2,2,1,14,8,0,0,0,2,2,0,0,0,0,0,0
"CSAR_erk2_39",3.6905800000000015,103.18450000000004,154.94063946985955,85.07000000000001,363.4460000000001,363.11538116400004,6,2,3,2,7,0,7,26,43,0,0,4,3,0,1,2,0,0,1,0,1,0.21052631578947367,15.261777757212606,9.036160859465818,7.337976169471349,5.648602177592362,4.249527941772772,8.219664278538094,6.338905402708568,4.344169617093997,3.1787006034174468,-3.11,16.363387497778955,6.316067391719603,2.7429730754508244,10.216698334856808,29.169828402089504,12.841643245852019,11.33111286753076,16.00405017709529,30.462311845459514,0,11.257379486545457,0,16.636807532357924,5.749511833283905,11.336785877934737,5.106527394840706,5.261891554738487,9.967957041894417,0,12.841643245852019,24.31204230021119,46.466362022554804,0,23.076112632621633,27.97359341029266,15.323225729697516,0,9.967957041894417,5.261891554738487,11.336785877934737,6.06636706846161,36.101280366169235,37.60939237180962,5.693927994848461,21.696962316465346,0,5.948339280986494,0,0,19,0,0,0,0,1,0,3,2,1,0,26,7,0,1,13,8,0,3,7,6,2,2,0,0,4,2,1,0,10,9,0,0,0,1,3,0,0,0,0,4,2
"erk2_03",3.3483800000000006,112.87920000000001,183.66334509421773,138.62,447.87900000000013,447.130946484,10,3,4,3,8,2,11,31,53,0,0,3,2,0,1,1,0,1,1,0,0,0.4,17.444646019944226,10.161698213963986,6.969124670464802,4.510712461315316,2.938780207842929,9.783733740954759,6.561924543724196,4.215342896098278,2.7205623176069373,-3.29,22.396440369776688,11.196396432052298,6.3420864508829675,24.844166069412807,47.533126807124866,0,11.33111286753076,31.3772144865525,18.329577708536295,5.022633313741326,0,0,16.29978623659041,17.37901200300318,11.600939890232516,24.111653440312672,5.261891554738487,9.967957041894417,0,25.683286491704038,37.061105066064336,29.046139017126084,0,23.448233315795452,29.137303455089175,24.63390486024718,5.316788604006331,9.77851570501903,10.245870075685694,0,11.600939890232516,25.328831937239638,19.094070655900538,36.727509053576725,17.568244979360085,5.817862777835028,5.693927994848461,5.879988336435371,6.031114512338072,20,0,1,0,0,0,0,1,4,3,2,31,7,1,1,18,6,0,4,15,10,3,3,0,0,4,5,0,0,14,8,0,0,0,0,2,0,0,0,1,5,3
"CSAR_erk2_2",4.6065200000000015,122.7316,189.44095867525053,85.83,449.9170000000002,449.14186619200007,6,3,6,2,5,1,8,32,53,0,0,4,4,0,0,2,0,0,2,0,0,0.125,18.104163761649254,10.339859146750896,7.825678640531417,5.315464380283329,3.614869039563018,9.961894673741668,7.41847851379081,5.025817918618766,3.41172920691223,-3.7099999999999995,21.519337282410824,9.195599892276855,4.783274934592431,11.050456081168516,20.442236419037275,13.08951281182515,12.740958040736519,27.178819654011267,66.99099075938065,5.022633313741326,11.257379486545457,0,10.338754328661313,0,11.600939890232516,9.184952231746642,0,19.8518452936921,0,20.013250011515776,5.733667477162185,100.21512738410735,0,11.257379486545457,23.456458900570517,15.617555728959871,4.794537184071822,14.358372089569237,0,0,47.99914230100217,41.81319288016644,31.0466514467483,10.716561308589787,11.511148835894357,0,5.948339280986494,5.907179729351506,0,24,1,1,0,0,0,0,2,3,1,0,32,11,1,0,12,11,0,6,7,6,3,2,0,0,5,3,1,0,13,10,0,0,0,1,3,0,0,0,0,0,0
"CSAR_erk2_28",3.9562000000000026,91.41290000000004,143.00193978064635,64.78,346.7930000000001,346.09966703199996,5,2,4,2,2,1,7,24,40,0,0,3,3,0,0,2,0,0,1,0,0,0.17647058823529413,13.985741769824992,7.8174232638875,5.816123928134276,4.18272627713031,2.5806623650073943,7.439458790878273,5.408923801393671,3.8930798154657467,2.4001197347786545,-2.6,16.26456278763971,6.488088155759869,2.9233491783724115,0,39.580859986341025,0,5.817220841045895,17.412202378610907,36.6591554170726,5.022633313741326,22.384282469939446,0,4.39041504767482,0,11.600939890232516,9.184952231746642,0,20.08125186839976,0,6.923737199690624,13.592428388589765,53.19293756670827,0,22.384282469939446,17.508119619584022,9.883888251797686,9.893218992372859,4.39041504767482,5.098681808301038,0,17.667306958694127,30.68628989677245,30.916174943596836,16.913404880202865,11.511148835894357,0,0,5.907179729351506,0,17,1,1,0,0,0,0,1,3,1,0,24,9,1,0,8,8,0,4,6,5,2,2,0,0,5,1,2,0,9,7,0,0,0,2,1,0,0,0,0,0,0
"erk2_36",4.327700000000003,112.51339999999998,176.27835413791442,93.80000000000001,424.86300000000006,424.110231716,6,4,6,4,3,1,8,30,48,1,1,4,4,0,0,2,0,0,2,0,0,0.09090909090909091,16.449843384962747,9.579795187483755,7.167663169657205,4.986645340151815,3.4066168423777943,9.201830714474529,6.73122738918522,4.7515482373640765,3.216328994238594,-3.419999999999999,19.877406421476056,8.524187285072877,4.122172474353759,5.316788604006331,32.80193122625442,0,5.817220841045895,22.09375749976524,66.99099075938064,5.022633313741326,22.384282469939446,0,4.39041504767482,0,11.600939890232516,14.291479626587348,0,20.498130741555613,0,6.041840829147961,6.606881964512918,89.08822440071333,0,22.384282469939446,17.508119619584022,15.407294519794245,9.893218992372859,4.39041504767482,5.098681808301038,0,35.866408164078955,41.45873832570204,22.346379868748393,24.539494360122415,11.511148835894357,0,0,5.907179729351506,0,22,1,1,0,0,0,0,1,3,2,0,30,10,1,0,11,11,0,6,8,6,4,4,0,0,4,2,2,0,14,8,0,0,0,2,2,0,0,0,0,0,0
"erk2_10",3.9423000000000012,119.53629999999998,183.39491138084054,102.67000000000002,433.89900000000006,433.13055256,7,4,6,4,3,2,8,31,51,1,0,4,4,0,0,2,0,0,2,0,0,0.08695652173913043,17.403157094920505,9.998452571802227,7.338898977017864,5.143298006915001,3.540073844362772,9.620488098792999,6.902463196545879,4.908200904127262,3.349785996223572,-3.839999999999998,20.433490983543123,8.889884963680203,4.362900101077013,10.633577208012662,34.04337357892948,4.794537184071822,0,22.09375749976524,73.05735782784225,5.022633313741326,22.384282469939446,0,0,0,11.600939890232516,9.589074368143644,0,25.814919345561943,0,6.041840829147961,7.04767198267719,89.33737062812907,0,22.384282469939446,23.415299348935527,15.617555728959871,14.687756176444681,0,5.098681808301038,0,54.06550936946378,29.32600418877882,29.394051851425584,11.890771566461538,11.735768823996422,0,5.907179729351506,5.907179729351506,0,23,0,1,0,0,0,0,2,3,2,0,31,10,2,0,11,11,0,6,9,7,4,4,0,0,4,2,3,0,15,7,0,0,0,2,2,0,0,0,0,0,0
"erk2_54",4.981100000000002,117.52339999999998,186.5816203647961,93.79999999999998,459.3080000000001,458.07125936400007,6,4,6,4,3,1,9,31,48,1,0,4,4,0,0,2,0,0,2,0,0,0.09090909090909091,17.506386534800804,10.067491606261894,7.685703154968448,5.33572666878732,3.6270083745419655,9.311562660243439,6.842067247755857,4.810983104335019,3.2477382898981526,-3.1299999999999986,21.115386858524246,8.93199322123606,4.485518306390749,5.316788604006331,32.80193122625442,0,5.817220841045895,22.09375749976524,60.924623690919034,10.045266627482652,22.384282469939446,0,4.39041504767482,0,23.20187978046503,14.291479626587348,0,20.498130741555613,0,6.041840829147961,6.606881964512918,88.04449064599304,0,22.384282469939446,29.10905950981654,15.407294519794245,9.893218992372859,4.39041504767482,5.098681808301038,0,41.40098098584986,41.45873832570204,28.54322344036147,17.671356107402204,17.20507683074282,0,0,5.907179729351506,0,22,1,2,0,0,0,0,1,3,2,0,31,11,1,0,11,11,0,6,8,6,4,4,0,0,5,2,2,0,13,9,0,0,0,2,2,0,0,0,0,0,0
"CSAR_erk2_24",3.6995000000000005,110.72730000000003,162.38675588451852,96.69,371.4440000000002,371.17461029200007,6,4,5,3,4,1,6,28,49,0,0,4,4,0,0,2,0,0,2,0,0,0.13636363636363635,15.567742004922762,9.204328393810197,6.578579227650817,4.784481867742384,3.308614756796282,9.204328393810197,6.578579227650817,4.784481867742384,3.308614756796282,-3.6699999999999995,17.72932997638731,7.520458033748483,3.4418427451603364,11.050456081168516,20.85911529219313,12.965578028838586,0,28.539105362004896,60.924623690919034,0,22.02982791547505,0,5.948339280986494,0,0,4.794537184071822,0,20.268724166847957,0,19.88931522852921,5.733667477162185,77.74545466916149,0,11.257379486545457,22.627967439267593,16.034434602115724,4.794537184071822,9.967957041894417,0,0,49.38830667892189,34.3865401037112,24.501895040835723,5.693927994848461,5.693927994848461,0,5.948339280986494,5.907179729351506,0,22,0,0,0,0,0,0,2,3,1,0,28,8,1,0,11,11,0,5,7,6,4,3,0,0,3,3,1,0,13,8,0,0,0,1,3,0,0,0,0,2,1
"erk2_07",1.9245799999999997,114.11790000000003,180.4025130685175,153.63,448.5010000000002,448.1416554880001,10,3,8,2,9,1,11,31,55,0,0,2,2,0,0,1,0,0,1,0,0,0.35,18.66251993230936,11.00916638431778,8.851475222221602,5.1785226973608385,3.5751425611714405,9.117754846259523,6.867317762642336,4.0605439416080005,2.7463185100051795,-3.52,23.755967365231662,9.526816758346014,5.761733343248069,25.261044942568663,45.888285888442425,21.052611943415332,11.33111286753076,24.97437738277524,23.094584680902603,0,0,0,11.50524905251859,17.379012003003183,0,27.422923029800906,5.261891554738487,4.9839785209472085,0,31.267745885573333,31.525820347234987,29.32600418877882,0,23.448233315795456,27.249681918287596,25.261044942568663,4.794537184071822,8.417796984328938,10.245870075685694,0,0,19.913841467842857,23.951954812131618,32.43176936791294,33.84504272440988,9.837253136417502,11.787168065786876,0,0,20,0,0,0,0,1,0,3,1,6,0,31,16,3,1,6,6,0,8,16,10,3,2,0,0,10,6,2,1,4,8,0,0,0,0,2,0,0,0,0,0,0
"erk2_44",4.842000000000002,117.5654,182.41608496186987,93.80000000000001,441.3180000000001,440.08068117600004,6,4,6,4,3,1,8,30,48,1,1,4,4,0,0,2,0,0,2,0,0,0.09090909090909091,17.2057723309812,9.957759660492982,7.604098950129189,5.238621655491298,3.532605000047536,9.201830714474529,6.73122738918522,4.7515482373640765,3.216328994238594,-3.0599999999999987,20.222458035643765,8.75061929547604,4.257824528701386,5.316788604006331,32.80193122625442,0,0,22.09375749976524,66.99099075938064,10.045266627482652,22.384282469939446,0,0,0,23.20187978046503,9.901064578912528,0,20.498130741555613,0,6.041840829147961,6.606881964512918,88.29363687340876,0,22.384282469939446,29.10905950981654,15.407294519794245,9.893218992372859,0,5.098681808301038,0,47.46734805431147,41.45873832570204,27.36901318248972,24.539494360122415,5.693927994848461,0,0,5.907179729351506,0,22,0,2,0,0,0,0,1,3,2,0,30,10,1,0,11,11,0,6,8,6,4,4,0,0,4,2,2,0,14,8,0,0,0,2,2,0,0,0,0,0,0
"CSAR_erk2_17",1.773019999999999,116.90290000000003,183.65827902911104,149.1,464.9350000000002,464.103351832,10,5,8,5,7,1,12,31,52,1,0,3,3,0,0,2,0,0,1,0,0,0.21052631578947367,18.250932883014286,11.353776648520565,8.975004106399386,4.967907663557274,3.264124278363313,9.084400637453083,6.790113126743651,4.259957676254972,2.7887143250814135,-2.99,22.689780071088155,9.434145098088415,6.012240699407104,15.573677658672857,47.24609081938709,10.023291153407584,6.923737199690624,27.657208991462234,42.7255224855342,5.022633313741326,11.257379486545457,0,5.948339280986494,0,11.600939890232516,18.318861563241462,0,25.0998218244041,0,12.965578028838586,18.288442545134707,64.56898677751798,0,11.257379486545457,33.4797500539781,15.407294519794245,10.220328581182207,18.385754026223353,0,4.831097657556142,23.733674027155736,36.249741388469445,22.979771948664474,24.598419972020746,5.693927994848461,0,15.97163043439408,5.907179729351506,0,19,0,1,0,0,1,0,3,3,4,0,31,13,3,0,9,8,0,8,14,10,5,5,0,0,7,4,2,1,10,7,0,0,0,1,2,0,0,0,0,0,0
"CSAR_erk2_1",3.4796200000000024,86.96270000000003,133.65425339501337,72.95,310.35699999999997,310.142975816,6,1,3,1,5,1,6,23,41,0,0,3,3,0,0,2,0,0,1,0,0,0.23529411764705882,13.276939520944609,7.445909502721186,5.578131050226648,3.3754002498065976,2.3503298310601717,7.445909502721186,5.578131050226648,3.3754002498065976,2.3503298310601717,-2.889999999999999,15.022975519589668,6.078787707236133,3.0102645237450694,5.316788604006331,27.0101033420577,0,6.923737199690624,19.60772181825569,47.11814091935608,0,22.514758973090913,0,4.794537184071822,0,0,9.31763212104517,0,20.253936604577998,0,26.813052428219834,0,48.35529340125718,0,22.514758973090913,6.031114512338072,9.83988354097968,0,4.794537184071822,9.780484743446223,0,35.4884985994335,26.83757866753348,17.802135892458033,11.257379486545457,11.454175413722904,0,0,0,6.031114512338072,17,0,0,0,0,0,0,1,3,1,1,23,8,1,0,8,8,0,3,8,6,1,1,0,0,4,1,2,0,10,6,0,0,0,2,1,0,0,0,0,0,0
"erk2_40",5.088040000000004,129.72039999999996,200.60013454184312,102.93,479.9430000000002,479.152430876,7,4,7,4,5,1,9,34,57,1,0,4,4,0,0,2,0,0,2,0,0,0.16,19.31970671127308,10.94965851379409,8.264717495949496,5.660990668269559,3.7124394310401603,10.571694040784863,7.8282817154775115,5.42589356548182,3.513711976625087,-3.7499999999999996,23.40959070608853,10.026933608955945,5.081655286226892,10.633577208012662,32.57252465154676,0,19.664695240427143,33.22066048315923,60.92462369091903,5.022633313741326,11.257379486545457,0,16.026140603344878,0,11.600939890232516,14.291479626587348,0,20.268724166847957,0,19.88931522852921,11.923670568519249,94.14876031564572,0,11.257379486545457,29.14384517525408,20.724083123800575,4.794537184071822,14.358372089569237,0,0,29.800041095617345,55.306212725083284,34.23060971504503,18.34265078850934,11.511148835894357,0,5.948339280986494,5.907179729351506,0,25,1,1,0,0,0,0,2,3,2,0,34,13,1,0,12,11,0,7,9,7,4,4,0,0,6,3,2,0,13,10,0,0,0,1,3,0,0,0,0,0,0
"erk2_19",3.6816000000000013,114.66399999999997,176.81999777984862,116.66,419.872,419.114902496,7,5,6,4,3,2,8,30,48,1,0,4,4,0,0,2,0,0,2,0,0,0.045454545454545456,16.48050736411013,9.537127706397039,7.127017133968916,4.919227466370888,3.414210263439286,9.15916323338781,6.690581353496931,4.684130363583149,3.223922415300086,-3.839999999999998,19.475291819788087,8.262344371671668,3.966336895292505,11.050456081168516,26.995701596252292,4.794537184071822,0,22.09375749976524,73.05735782784225,5.022633313741326,22.384282469939446,0,0,0,11.600939890232516,9.589074368143644,0,20.498130741555613,5.733667477162185,6.041840829147961,0,89.33737062812907,0,22.384282469939446,23.415299348935527,16.034434602115724,14.687756176444681,0,5.098681808301038,0,54.06550936946378,29.32600418877882,22.346379868748393,11.890771566461538,11.735768823996422,0,5.907179729351506,5.907179729351506,0,22,0,1,0,0,0,0,2,3,2,0,30,9,2,0,11,11,0,6,9,7,5,4,0,0,4,1,3,0,15,7,0,0,0,2,2,0,0,0,0,0,0
"CSAR_erk2_15",2.983740000000001,109.19140000000002,163.80412293476442,102.93,379.4640000000001,379.20082504000004,7,4,7,4,5,1,7,28,53,1,0,3,3,0,0,2,0,0,1,0,0,0.2857142857142857,16.28290479285384,9.260372803699163,6.6803479919953235,4.44007409599796,2.9969612492542135,9.260372803699163,6.6803479919953235,4.44007409599796,2.9969612492542135,-3.1899999999999995,19.5682472483434,8.665559552799564,4.373242227712851,10.633577208012662,39.11728105745932,0,13.847474399381248,40.144397682849856,42.7255224855342,0,11.257379486545457,0,5.948339280986494,0,0,9.901064578912528,0,20.268724166847957,0,26.813052428219834,18.468426974431825,65.10980495547365,0,11.257379486545457,11.855519010338,20.724083123800575,4.794537184071822,9.967957041894417,0,0,29.828919765543436,37.964481650927475,24.501895040835723,18.34265078850934,5.693927994848461,0,5.948339280986494,5.907179729351506,0,21,0,0,0,0,0,0,2,3,2,0,28,12,1,0,9,8,0,7,9,7,4,4,0,0,5,4,2,0,10,7,0,0,0,1,2,0,0,0,0,0,0
"CSAR_erk2_14",1.0086199999999996,111.87300000000002,173.3925904391565,143.39,411.46200000000016,411.19065428,9,6,9,6,7,1,9,30,55,1,0,3,3,0,0,2,0,0,1,0,0,0.2857142857142857,16.539139303419557,9.526656276952595,6.852972946437657,4.636623216503722,2.953293916398999,9.526656276952595,6.852972946437657,4.636623216503722,2.953293916398999,-3.269999999999999,21.439135997268764,9.968983767158752,5.008458160539241,10.633577208012662,62.041184199401954,0,6.923737199690624,27.657208991462234,48.791889553995816,0,11.257379486545457,0,5.948339280986494,0,0,20.11411936859394,0,20.268724166847957,0,19.007418857986544,25.137434497545087,65.61272053223826,0,11.257379486545457,11.855519010338,30.937137913481983,4.794537184071822,9.967957041894417,0,0,30.33183534230805,24.117007251546227,17.957138634923147,37.598255546683134,5.693927994848461,0,5.948339280986494,5.907179729351506,0,21,0,0,0,0,0,0,2,3,4,0,30,14,1,0,9,8,0,9,13,9,6,6,0,0,5,5,3,0,11,6,0,0,0,1,2,0,0,0,0,0,0
"erk2_05",2.13258,96.41310000000004,151.0472304579377,119.49000000000001,356.3820000000001,356.14845512000005,8,3,7,2,7,1,8,26,46,0,0,2,2,0,0,1,0,0,1,0,0,0.2777777777777778,14.828385261176594,7.860761527570323,5.224422170256082,3.5156842354080986,2.338168995403445,7.860761527570323,5.224422170256082,3.5156842354080986,2.338168995403445,-3.47,18.86276686144895,8.575388451285574,4.329150365305546,25.261044942568663,31.717635297366698,11.21535880699783,11.33111286753076,18.050640183084614,24.26546827384644,0,0,0,11.50524905251859,17.37901200300318,0,19.005126045471968,5.261891554738487,4.9839785209472085,0,13.344558822616634,31.8769331282365,35.392371257240434,0,23.448233315795452,17.412428781870094,25.261044942568663,4.794537184071822,0,10.245870075685694,0,0,25.122838405075452,11.629818560158606,32.93468494467756,28.949559248892104,0,11.787168065786876,0,0,18,0,0,0,0,0,0,3,1,4,0,26,13,1,1,6,6,0,7,12,8,3,2,0,0,6,7,1,0,5,7,0,0,0,0,2,0,0,0,0,0,0
"CSAR_erk2_23",3.697400000000002,122.21570000000001,198.0543560808694,110.44000000000001,482.4860000000003,482.17983605609,7,6,6,4,3,1,10,35,58,0,0,5,4,0,1,2,0,1,2,0,0,0.2,18.62928992409474,11.07933280084199,8.303606658374036,6.058197064440382,4.248169003003696,11.07933280084199,8.303606658374036,6.058197064440382,4.248169003003696,-4.05,22.72793332391869,8.952864961599884,4.519588080673349,15.787319034968565,27.695403831413707,25.686632952194635,0,32.742271145708266,54.858256622457425,0,22.384282469939446,0,13.171245143024459,5.749511833283905,0,28.436312758058513,0,20.498130741555613,0,25.686632952194635,6.606881964512918,82.80599058409388,0,28.13379430322335,5.907179729351506,20.771297555915773,9.893218992372859,0,18.269926951325495,0,24.26546827384644,34.88945568047582,35.85277607554265,24.061105022671452,17.988196234044942,0,0,5.907179729351506,6.176298517443475,25,3,0,0,0,0,0,2,3,1,1,35,12,1,0,15,11,0,6,9,7,6,4,0,1,5,3,1,1,15,10,0,0,0,3,2,0,0,0,0,2,1
"CSAR_erk2_10",1.7915199999999991,117.4641,179.88044933281284,132.03,422.48900000000015,422.206638692,9,5,9,5,6,2,9,31,57,1,0,3,3,0,0,2,0,0,1,0,0,0.2727272727272727,17.475610133693877,9.950259955814863,7.056303190852634,4.644685912769751,3.0501614022779004,9.950259955814863,7.056303190852634,4.644685912769751,3.0501614022779004,-3.7199999999999998,21.976217414673474,10.351435404009077,5.891510997101351,15.950365812018994,51.5692171927234,4.794537184071822,6.923737199690624,34.58094619115286,48.79188955399581,0,11.257379486545457,0,5.948339280986494,0,0,14.69560176298435,0,25.585512770854287,0,19.88931522852921,25.0131833803444,65.61272053223827,0,11.257379486545457,17.762698739689505,26.040871727806906,9.589074368143644,9.967957041894417,0,0,30.33183534230805,24.117007251546227,37.97038864643892,18.34265078850934,5.693927994848461,0,11.855519010338,5.907179729351506,0,22,0,0,0,0,0,0,3,3,3,0,31,14,2,0,9,8,0,9,12,9,5,5,0,0,5,6,3,0,11,6,0,0,0,1,2,0,0,0,0,0,0
"CSAR_erk2_6",3.2506200000000014,121.85439999999998,185.3509808929817,115.82000000000001,428.4960000000001,428.19607400800004,8,4,8,4,6,1,8,32,56,1,0,4,4,0,0,3,0,0,1,0,0,0.16666666666666666,17.61686973430193,10.256550525933546,7.35557885896856,5.062609068494813,3.319084914972133,10.256550525933546,7.35557885896856,5.062609068494813,3.319084914972133,-4.039999999999999,21.201912545319793,9.844659932239596,4.984870597146825,10.633577208012662,37.55650317249396,6.544756405912575,6.923737199690624,33.22066048315923,73.3183108341452,0,11.257379486545457,0,5.948339280986494,0,0,9.901064578912528,0,25.252702687795164,0,19.51033443475116,11.923670568519249,95.70259330408467,0,11.257379486545457,11.855519010338,20.724083123800575,9.77851570501903,9.967957041894417,0,0,30.33183534230805,41.81319288016644,36.89558218406188,18.34265078850934,5.693927994848461,0,5.948339280986494,5.907179729351506,0,24,0,0,0,0,0,0,2,4,2,0,32,11,1,0,12,11,0,8,10,8,4,4,0,0,3,4,2,0,16,7,0,0,0,1,3,0,0,0,0,0,0
"erk2_12",4.056400000000003,100.91170000000001,146.88926628980087,54.35,351.4560000000001,351.0500040360001,4,1,3,1,5,1,6,24,37,0,0,4,3,0,1,2,0,1,1,0,0,0.05555555555555555,14.232774697329766,9.110542041114678,7.284110398115509,5.357018035987412,3.8496318531552753,7.414392648932059,5.221216333827386,3.5392720862850324,2.3959082671030516,-2.439999999999999,15.109088053984662,6.5858728780864215,3.2460661316667205,5.316788604006331,16.058810019876763,11.339293589984397,0,10.440598685398296,63.93901706783597,0,16.97894503891494,0,0,0,23.098670827325854,4.794537184071822,0,10.30076712495354,4.992404732635669,6.544756405912575,0,69.38721102059861,0,0,51.152447365170346,5.316788604006331,9.77851570501903,0,4.992404732635669,11.336785877934737,18.19910120538483,53.04688759223434,16.46021497977917,16.96659363741888,0,5.167651769578048,0,5.907179729351506,0,18,0,0,0,0,2,0,1,2,1,0,24,4,2,0,12,9,0,3,5,4,1,1,0,0,1,3,0,0,13,7,0,0,0,2,2,0,0,0,0,2,1
"erk2_53",4.657720000000002,138.12939999999986,213.02663171232732,121.39,507.97800000000024,507.16733199199996,9,4,9,4,7,1,10,36,62,1,0,4,4,0,0,2,0,0,2,0,0,0.19230769230769232,20.75823881919158,11.485421148681063,8.393403071088713,5.796243376731437,3.9551099287166047,11.107456675671836,7.956967290616728,5.561146273943698,3.7563824743015313,-4.079999999999999,25.026111957424533,11.107428090072322,5.424538700695477,20.10730311561276,46.79211973410182,0,6.923737199690624,27.657208991462234,60.924623690919034,5.022633313741326,11.257379486545457,0,11.635725555670057,11.49902366656781,11.600939890232516,19.374790486512623,0,20.268724166847957,0,12.965578028838586,26.143265651074316,82.76808798290281,0,22.756403153113265,29.14384517525408,30.197809031400674,4.794537184071822,9.967957041894417,0,0,29.800041095617345,48.382475525392664,22.979771948664474,38.24963214574797,5.693927994848461,11.49902366656781,5.948339280986494,5.907179729351506,0,26,0,1,0,0,0,0,2,3,4,0,36,15,1,0,12,11,0,9,13,9,4,4,0,0,6,5,2,0,13,10,0,0,0,1,3,0,0,0,0,0,0
"CSAR_erk2_30",4.6552000000000024,106.4326,160.95364286839555,73.57,376.8470000000001,376.10908884400004,5,3,5,3,2,1,6,27,44,0,0,4,4,0,0,2,0,0,2,0,0,0.047619047619047616,15.124665316453564,8.885409803972403,6.575766285440909,4.522266214971053,3.1145741882836755,8.507445330963176,6.139330504968924,4.287169112183313,2.9242863401444756,-3.3099999999999996,17.121306617575115,7.514521390199096,3.78016620158483,5.316788604006331,21.088521866900788,6.544756405912575,0,16.051916670617278,73.05735782784225,5.022633313741326,22.384282469939446,0,0,0,11.600939890232516,4.794537184071822,0,20.498130741555613,0,6.544756405912575,0,89.33737062812907,0,22.384282469939446,17.508119619584022,10.30076712495354,9.893218992372859,0,5.098681808301038,0,54.06550936946378,29.32600418877882,28.89113627466097,11.890771566461538,5.693927994848461,0,0,5.907179729351506,0,21,0,1,0,0,0,0,1,3,1,0,27,7,1,0,11,11,0,5,6,5,3,3,0,0,2,2,1,0,15,7,0,0,0,2,2,0,0,0,0,0,0
"CSAR_erk2_5",3.822420000000003,99.58750000000002,151.8430806273618,84.07000000000001,350.4220000000001,350.174275944,6,2,4,2,6,0,6,26,48,0,0,4,3,1,1,2,0,0,1,1,1,0.35,14.721682219916522,9.001883668462595,6.743665559928809,4.851599327394954,3.4370696419366373,9.001883668462595,6.743665559928809,4.851599327394954,3.4370696419366373,-2.7299999999999995,16.72309557320259,7.253312874549268,3.4582566189523063,5.316788604006331,32.37695491075683,0,6.923737199690624,31.44353391057848,47.11814091935608,0,22.514758973090913,0,5.948339280986494,0,0,9.629622331814055,0,15.124620299019863,0,44.75283090829093,5.316788604006331,48.35529340125718,0,22.514758973090913,5.948339280986494,14.946410935820385,0,9.967957041894417,0,0,35.4884985994335,38.673390759856275,17.802135892458033,17.36134587429376,11.454175413722904,0,5.948339280986494,0,0,20,0,0,0,0,0,0,1,3,1,1,26,6,0,0,15,8,0,4,8,6,2,2,0,0,2,1,0,0,15,8,0,0,0,1,3,0,0,0,0,0,0
"erk2_21",4.997400000000003,111.0599,167.52855646938752,64.78,390.874,390.12473890800004,5,2,5,2,2,1,6,28,47,0,0,4,4,0,0,2,0,0,2,0,0,0.09090909090909091,16.071878911953522,9.268904572645905,7.0543036438078435,4.821421395100563,3.368235453624566,8.890940099636678,6.617867863335858,4.586324292312824,3.1779476054853655,-3.309999999999999,18.071961798851,7.742333145495634,3.7031115274073443,0,33.03610358042846,6.544756405912575,0,16.051916670617278,73.05735782784225,5.022633313741326,22.384282469939446,0,0,0,11.600939890232516,4.794537184071822,0,20.08125186839976,0,6.544756405912575,7.04767198267719,89.33737062812904,0,22.384282469939446,17.508119619584022,9.883888251797686,9.893218992372859,0,5.098681808301038,0,54.06550936946379,29.32600418877882,35.93880825733816,11.890771566461538,5.693927994848461,0,0,5.907179729351506,0,22,0,1,0,0,0,0,1,3,1,0,28,8,1,0,11,11,0,5,6,5,2,2,0,0,3,1,2,0,15,7,0,0,0,2,2,0,0,0,0,0,0
"erk2_39",4.188600000000003,112.55539999999999,172.11281873498817,93.80000000000001,406.87300000000005,406.119653528,6,4,6,4,3,1,7,29,48,1,0,4,4,0,0,2,0,0,2,0,0,0.09090909090909091,16.14922918114315,9.480129348456183,7.026795548610839,4.916212738037629,3.3968754366358467,9.102164875446956,6.590359768138854,4.68111563524989,3.2065875884966464,-3.349999999999999,18.987682629313895,8.343689114012914,4.083410103094283,5.316788604006331,32.80193122625442,0,0,22.09375749976524,73.05735782784225,5.022633313741326,22.384282469939446,0,0,0,11.600939890232516,9.901064578912528,0,20.498130741555613,0,6.041840829147961,6.606881964512918,89.33737062812904,0,22.384282469939446,17.508119619584022,15.407294519794245,9.893218992372859,0,5.098681808301038,0,54.06550936946379,29.32600418877882,22.346379868748393,24.539494360122415,5.693927994848461,0,0,5.907179729351506,0,22,0,1,0,0,0,0,1,3,2,0,29,9,1,0,11,11,0,6,8,6,4,4,0,0,3,2,2,0,15,7,0,0,0,2,2,0,0,0,0,0,0
"erk2_41",4.327700000000003,112.51339999999998,176.27835413791442,93.80000000000001,424.86300000000006,424.110231716,6,4,6,4,3,1,8,30,48,1,1,4,4,0,0,2,0,0,2,0,0,0.09090909090909091,16.449843384962747,9.579795187483755,7.1711174933511534,4.965314022344337,3.434867851462646,9.201830714474529,6.734681712879168,4.730216919556598,3.2445800033234455,-3.4199999999999995,19.877406421476056,8.524187285072877,4.122172474353759,5.316788604006331,32.80193122625442,0,5.817220841045895,22.09375749976524,66.99099075938064,5.022633313741326,22.384282469939446,0,4.39041504767482,0,11.600939890232516,14.291479626587348,0,20.498130741555613,0,6.041840829147961,6.606881964512918,89.08822440071333,0,22.384282469939446,17.508119619584022,15.407294519794245,9.893218992372859,4.39041504767482,5.098681808301038,0,35.866408164078955,41.45873832570204,22.346379868748393,24.539494360122415,11.511148835894357,0,0,5.907179729351506,0,22,1,1,0,0,0,0,1,3,2,0,30,10,1,0,11,11,0,6,8,6,4,4,0,0,4,2,2,0,14,8,0,0,0,2,2,0,0,0,0,0,0
"CSAR_erk2_7",2.637299999999999,88.8533,137.27847335087174,96.69,327.77500000000003,327.08868774800004,6,4,4,3,4,1,7,23,37,0,0,3,3,0,0,2,0,0,1,0,0,0.0625,12.839828104384644,7.2939482648775495,5.351143468147868,3.474811427350398,2.3452488140412395,6.915983791868322,4.914707687675883,3.2397143245626587,2.1323637634799923,-2.86,15.051788250673834,6.495001899557348,3.6704720891084746,11.050456081168516,20.85911529219313,6.544756405912575,0,16.051916670617278,48.79188955399581,5.022633313741326,11.257379486545457,0,5.948339280986494,0,11.600939890232516,4.794537184071822,0,20.268724166847957,0,6.544756405912575,5.733667477162185,65.0719023542826,0,11.257379486545457,23.456458900570517,16.034434602115724,4.794537184071822,9.967957041894417,0,0,23.733674027155736,29.828919765543436,29.524528354577047,5.693927994848461,5.693927994848461,0,5.948339280986494,5.907179729351506,0,16,0,1,0,0,0,0,2,3,1,0,23,7,1,0,9,8,0,4,7,6,4,3,0,0,3,2,1,0,11,6,0,0,0,1,2,0,0,0,0,0,0
"erk2_50",5.005920000000004,125.0174,198.6279391208139,102.93,481.4780000000001,481.172559604,7,4,7,4,5,1,10,35,57,1,0,4,4,0,0,2,0,0,2,0,0,0.16,18.596442776643105,10.68332600809985,7.81490643343681,5.341564263200201,3.5721438860057964,10.68332600809985,7.81490643343681,5.341564263200201,3.5721438860057964,-4.18,23.960766453772557,9.979025804820276,5.492927122325124,10.633577208012662,32.57252465154676,6.176298517443475,6.923737199690624,33.22066048315923,73.05735782784225,0,11.257379486545457,0,24.80697069869452,0,0,23.07230972193699,0,20.268724166847957,0,19.14187654628206,11.923670568519249,95.44164029778173,0,11.257379486545457,17.54290528502156,20.724083123800575,4.794537184071822,9.967957041894417,13.171245143024459,0,42.46456947923127,36.249741388469445,17.957138634923147,29.5934885548899,5.693927994848461,0,5.948339280986494,5.907179729351506,6.176298517443475,25,3,0,0,0,0,0,2,3,2,0,35,14,1,0,12,11,0,7,9,7,4,4,0,0,6,3,2,1,15,8,0,0,0,1,3,0,0,0,0,0,0
"erk2_43",4.411720000000002,136.01539999999994,212.02080055879804,121.39,505.9620000000001,505.15168192799996,9,4,7,4,7,1,10,36,60,1,0,5,4,0,1,2,0,1,2,0,0,0.19230769230769232,20.172452381564675,11.746274836942966,8.682078205683522,5.959503191530489,4.141714222695114,11.36831036393374,8.245642425211539,5.72440608874275,3.942986768280042,-4.079999999999999,23.652072261546323,10.268175811548407,4.975316493024241,20.10730311561276,45.78628858057259,0,6.923737199690624,27.657208991462234,60.92462369091903,5.022633313741326,11.257379486545457,0,11.635725555670057,11.49902366656781,11.600939890232516,19.374790486512623,0,20.268724166847957,0,12.965578028838586,25.137434497545087,82.76808798290281,0,22.756403153113265,29.14384517525408,30.197809031400674,4.794537184071822,9.967957041894417,0,0,29.800041095617345,48.382475525392664,22.979771948664474,24.030037063192903,18.907691923874296,11.49902366656781,5.948339280986494,5.907179729351506,0,26,0,1,0,0,0,0,2,3,2,2,36,11,1,0,17,11,0,7,13,9,4,4,0,0,4,3,2,0,17,10,0,0,0,1,4,0,0,0,0,2,1
"CSAR_erk2_31",4.554000000000003,112.5474,180.6711008312818,93.8,440.4250000000001,440.146010508,6,4,6,4,3,1,9,32,51,1,0,4,4,0,0,2,0,0,2,0,0,0.13043478260869565,16.64922918114315,9.730129348456183,7.158576081540309,5.046396036192049,3.4136300724413404,9.730129348456183,7.158576081540309,5.046396036192049,3.4136300724413404,-3.849999999999999,21.384641060059934,8.717055470584993,4.423385085132401,5.316788604006331,32.80193122625441,6.176298517443475,0,27.657208991462234,73.05735782784225,0,22.384282469939446,0,13.171245143024459,0,0,23.07230972193699,0,20.498130741555613,0,12.218139346591435,6.606881964512918,89.87818880608474,0,22.384282469939446,5.907179729351506,15.407294519794245,9.893218992372859,0,18.269926951325495,0,42.46456947923127,29.32600418877882,17.32374655500707,30.102945851819413,5.693927994848461,0,0,5.907179729351506,6.176298517443475,23,3,0,0,0,0,0,1,3,2,0,32,12,1,0,11,11,0,6,8,6,4,4,0,0,5,2,2,1,15,7,0,0,0,2,2,0,0,0,0,0,0
"CSAR_erk2_29",5.225100000000003,100.17369999999998,157.22921100897665,67.6,374.35,374.097917444,5,1,3,1,4,0,7,28,40,0,0,5,5,0,0,4,0,0,1,0,0,0,14.35667098406808,8.491149840096302,6.228372687722382,4.601557566675231,3.230955908421438,8.491149840096302,6.228372687722382,4.601557566675231,3.230955908421438,-3.869999999999999,16.31432550411862,6.381981521145908,2.559633000839945,0,20.10859881996707,0,11.63444168209179,0,71.9055152058084,0,44.61090631259194,0,8.78083009534964,0,0,13.303925032322987,0,20.10859881996707,0,0,0,79.01686195092684,0,33.57750487735942,11.033401435232523,9.507073457920557,4.9839785209472085,13.764808616296847,0,0,17.289397394048667,29.828919765543436,46.86395297600808,11.760295063310071,5.647177220767728,17.394689100966232,0,0,0,21,2,0,0,0,0,0,0,4,0,1,28,5,0,0,14,13,0,3,6,5,1,1,0,0,2,0,0,0,16,10,0,0,0,2,3,0,0,0,0,2,1
"erk2_28",4.050200000000003,104.22760000000001,160.1732908493421,86.46000000000001,377.83500000000004,377.10433781200004,6,3,5,3,3,1,7,27,43,0,0,4,4,0,0,3,0,0,1,0,0,0.05,14.994528642763896,8.73514091680006,6.451441281188046,4.402233657403484,3.021406156101644,8.357176443790832,6.015005500716061,4.167136554615745,2.8311183079624436,-3.379999999999999,17.054892730196702,7.47078773973259,3.7534068377874923,5.316788604006331,26.072500387848,6.544756405912575,0,16.051916670617278,67.25194376568358,5.022633313741326,22.384282469939446,0,0,0,11.600939890232516,4.794537184071822,0,25.48210926250282,0,6.544756405912575,0,83.53195656597036,0,22.384282469939446,17.508119619584022,10.30076712495354,14.877197513320068,0,5.098681808301038,0,29.800041095617345,35.392371257240434,41.284823417887125,11.890771566461538,5.693927994848461,0,0,5.907179729351506,0,20,0,1,0,0,0,0,1,4,1,0,27,7,1,0,11,11,0,5,7,6,3,3,0,0,2,2,1,0,15,7,0,0,0,2,2,0,0,0,0,0,0
"CSAR_erk2_26",4.703600000000003,109.23760000000001,170.47655707622374,86.46,412.2800000000001,411.06536546000007,6,3,5,3,3,1,8,28,43,0,0,4,4,0,0,3,0,0,1,0,0,0.05,16.051071792601952,9.21277122883686,7.029841660657491,4.668074315399036,3.4084267914666966,8.456842282818405,6.156970099713521,4.231638534927051,2.8823843112407532,-3.09,18.281558090761354,7.8789128903852275,3.9285684201938222,5.316788604006331,26.072500387847995,6.544756405912575,0,16.051916670617278,61.18557669722197,10.045266627482652,22.384282469939446,0,0,0,23.20187978046503,4.794537184071822,0,25.48210926250282,0,6.544756405912575,0,82.48822281125007,0,22.384282469939446,29.109059509816536,10.30076712495354,14.877197513320066,0,5.098681808301038,0,23.20187978046503,47.52510539416365,46.30745673162845,11.890771566461538,5.693927994848461,0,0,5.907179729351506,0,20,0,2,0,0,0,0,1,4,1,0,28,8,1,0,11,11,0,5,7,6,3,3,0,0,3,2,1,0,14,8,0,0,0,2,2,0,0,0,0,0,0
"erk2_45",5.519320000000005,141.66739999999993,214.5235943285775,102.93,502.01800000000014,501.19315281599995,7,4,7,4,5,1,8,36,64,1,0,5,4,0,1,2,0,0,2,0,1,0.25,20.770169363010048,12.467783058476023,9.502678444887579,6.789227706078416,4.867989707544583,12.089818585466796,9.066242664415594,6.554130603290677,4.669262253129508,-3.6799999999999993,24.033840749869007,10.51827876441377,5.124298967408587,10.633577208012662,32.57252465154676,12.841643245852019,6.923737199690624,51.62575522070824,60.92462369091903,5.022633313741326,11.257379486545457,0,11.635725555670057,0,11.600939890232516,9.901064578912528,0,20.268724166847957,0,38.64886452054262,11.923670568519249,93.89499096629682,0,11.257379486545457,29.14384517525408,20.724083123800575,4.794537184071822,9.967957041894417,0,0,35.866408164078955,79.1262979320291,28.667158223348036,18.34265078850934,5.693927994848461,0,5.948339280986494,5.907179729351506,0,28,0,1,0,0,0,0,2,3,2,0,36,11,1,0,17,11,0,7,9,7,4,4,0,0,4,3,2,0,17,10,0,0,0,1,4,0,0,0,0,2,1
"erk2_29",4.350800000000003,110.47670000000001,160.97295609465337,54.35,371.4650000000001,371.10923316400005,4,1,3,1,4,1,5,27,44,2,0,5,3,1,2,1,0,1,2,1,1,0.13636363636363635,15.317430902696682,9.766478027757955,7.822657907155239,5.787233880912536,4.263010302051325,8.949981446830229,6.792009025228874,4.872361733001419,3.3878882656264833,-2.9199999999999986,16.267989545539404,6.667654269485339,3.3805639384240216,5.316788604006331,22.10065084902472,4.794537184071822,0,23.465630652481394,76.75805550275491,0,16.97894503891494,0,0,0,11.761884949391115,4.794537184071822,0,10.30076712495354,4.992404732635669,18.380568498235363,0,82.89255375351324,0,0,39.81566148723561,5.316788604006331,9.77851570501903,0,4.992404732635669,0,42.46456947923127,53.58473086792982,23.542814661387226,10.42183723150631,0,5.167651769578048,0,5.907179729351506,0,22,0,0,0,0,1,0,1,2,1,0,27,4,2,0,16,9,0,3,5,4,1,1,0,0,1,2,0,0,15,9,0,1,0,1,3,0,0,0,0,2,1
"erk2_09",2.773600000000001,81.82790000000003,122.16819603644181,64.78,280.33099999999996,280.132411132,5,2,3,2,2,1,5,21,37,0,0,3,3,0,0,2,0,0,1,0,0,0.125,11.921477634980787,6.662106139573622,5.01515714033212,3.3181926398110657,2.243208384327604,6.662106139573622,5.01515714033212,3.3181926398110657,2.243208384327604,-2.8199999999999994,13.176433486137155,5.282136487336524,2.4521488988947446,0,40.083775563105654,0,0,10.488465178920283,48.791889553995816,0,22.384282469939446,0,0,0,0,4.794537184071822,0,20.08125186839976,0,0,14.09534396535438,54.48581754884427,0,22.384282469939446,5.907179729351506,9.883888251797686,9.893218992372859,0,5.098681808301038,0,30.33183534230805,11.629818560158606,37.61593409197452,0,11.387855989696922,0,0,5.907179729351506,0,16,0,0,0,0,0,0,1,3,1,0,21,6,1,0,8,8,0,3,6,5,2,2,0,0,3,0,2,0,11,5,0,0,0,2,1,0,0,0,0,0,0
"CSAR_erk2_25",3.8510000000000035,100.55290000000004,159.61232679497607,74.01,391.2580000000002,390.065031112,6,2,3,2,3,1,8,26,42,0,0,4,3,1,1,2,1,1,1,0,0,0.2222222222222222,15.271239349866955,8.928662331272976,6.896275398239514,4.7497283997358775,3.559388928471033,8.172733385254523,6.023403837295545,4.313292619263894,3.0333464482450903,-2.2800000000000002,17.149775180178562,7.149197117683217,3.354969063808916,0,52.29170833860224,4.736862953800049,0,10.488465178920283,36.6591554170726,10.045266627482652,22.384282469939446,0,0,0,23.20187978046503,9.53140013787187,0,20.08125186839976,0,0,26.303276740850986,52.398350039403695,0,22.384282469939446,29.109059509816536,14.620751205597735,9.893218992372859,0,5.098681808301038,0,23.20187978046503,29.828919765543436,40.45852599431487,25.104535495487376,5.693927994848461,0,0,5.907179729351506,0,18,0,2,0,0,0,0,0,4,1,1,26,6,1,0,14,8,0,3,8,6,2,2,0,0,3,0,1,0,14,8,0,0,0,2,2,0,0,0,0,0,0
"erk2_17",-0.7703999999999998,77.66680000000001,126.8883502433399,126.65,392.1530000000001,391.9981528959999,8,5,2,4,8,0,9,20,33,4,0,3,2,1,1,2,1,1,0,0,0,0.45454545454545453,12.375551293163092,7.010975960287037,5.732870829216693,4.201636229617363,3.18354516412723,5.9322268146988755,4.570680146829207,3.3837298251167214,2.3659413298311933,-1.0100000000000002,13.949621190335195,5.074455413104341,1.9673399736719115,5.733667477162185,54.77342000196571,4.736862953800049,3.5701822710653963,6.22790117073487,12.524163646377618,0,11.033401435232523,0,5.817862777835028,0,22.590870627068057,20.056445138322168,0,14.53505668968577,0,24.539800333979777,12.340549441675103,16.094345917443015,0,0,39.44213484013561,30.357212263275706,0,9.967957041894417,0,0,0,22.590870627068057,9.767025842678473,11.993106178977714,36.1042592366122,6.22790117073487,0,0,0,11,0,0,0,1,0,0,1,3,3,1,20,7,0,0,10,5,0,2,12,8,5,4,0,0,5,1,0,0,5,9,0,0,0,2,1,0,0,0,0,2,1
"erk2_08",2.0494,95.55040000000004,150.62634069733022,111.37999999999998,383.8570000000001,383.070654736,7,3,6,2,6,1,9,25,43,0,0,2,2,0,0,1,0,0,1,0,0,0.25,15.317160225285534,9.64980720836331,7.641364342697739,4.782054819481775,2.7827958264548234,7.380431197295828,5.247664294945662,3.2736996015651947,2.0009586559143155,-2.319999999999999,19.010704437545655,7.709073193834152,4.833414554175678,15.787319034968565,32.17160638265197,16.382009542330078,0,22.9756538703079,35.227318817825825,5.022633313741326,0,0,5.687386274683562,5.879988336435371,11.600939890232516,17.949197122200808,0,10.30076712495354,0,18.363977081120975,18.59631862518651,46.61184814259483,0,5.879988336435371,33.032759030685085,15.787319034968565,4.794537184071822,13.401775505276145,0,0,23.733674027155736,30.686289896772447,12.80052558942398,17.189751714714255,10.716561308589787,9.837253136417502,5.879988336435371,5.907179729351506,0,16,0,1,0,0,1,0,2,1,4,0,25,11,3,0,6,6,0,6,11,7,3,2,0,0,7,4,1,1,6,6,0,0,0,0,2,0,0,0,0,0,0
"CSAR_erk2_13",4.948940000000004,129.7624,196.43459913891692,102.93,461.9530000000002,461.161852688,7,4,7,4,5,1,8,33,57,1,0,4,4,0,0,2,0,0,2,0,0,0.16,19.019092507453475,10.838026546479101,8.218346711408202,5.454532750209252,3.615094509110973,10.460062073469873,7.781910930936218,5.2194356474215144,3.4163670546959004,-3.6799999999999993,22.511672385060287,9.851844255326768,5.391906507468567,10.633577208012662,32.57252465154676,0,13.847474399381248,33.22066048315923,66.99099075938064,5.022633313741326,11.257379486545457,0,11.635725555670057,0,11.600939890232516,9.901064578912528,0,20.268724166847957,0,19.88931522852921,11.923670568519249,94.39790654306144,0,11.257379486545457,29.14384517525408,20.724083123800575,4.794537184071822,9.967957041894417,0,0,41.42985965577595,55.306212725083284,28.667158223348036,18.34265078850934,5.693927994848461,0,5.948339280986494,5.907179729351506,0,25,0,1,0,0,0,0,2,3,2,0,33,12,1,0,12,11,0,7,9,7,4,4,0,0,5,3,2,0,14,9,0,0,0,1,3,0,0,0,0,0,0
"erk2_24",2.916800000000001,95.71810000000002,141.67842020559985,97.78,327.3510000000001,327.12324341600004,7,3,2,2,6,0,7,25,38,0,0,5,5,0,0,4,0,0,1,0,0,0,13.086920938585678,7.815223817149247,5.720787275402435,4.195460103752986,3.014421501124929,7.815223817149247,5.720787275402435,4.195460103752986,3.014421501124929,-3.739999999999999,13.67651511532634,5.134073422307383,2.060337181638278,5.733667477162185,30.00880693512081,0,0,0,60.794147187767564,0,39.0648611259397,0,5.817862777835028,0,0,0,0,30.00880693512081,0,0,5.733667477162185,60.794147187767564,0,22.514758973090913,22.36796493068381,5.733667477162185,5.098681808301038,4.5153978936156225,10.197363616602075,10.197363616602075,36.39820241076966,18.19910120538483,11.760295063310071,22.160304418626517,5.693927994848461,11.465039998602755,0,0,0,18,0,0,0,0,0,0,1,6,0,0,25,3,0,0,13,13,0,2,7,7,3,2,0,0,1,0,0,0,15,9,0,0,0,2,3,0,0,0,0,4,2
"CSAR_erk2_16",4.405440000000003,125.43440000000002,193.29461039027493,115.82000000000001,468.9700000000002,468.1135225920001,8,4,7,4,7,1,10,32,53,1,0,4,4,0,0,3,0,0,1,0,0,0.18181818181818182,18.959000166776143,11.072027288410293,8.50446376037914,5.860143152475822,4.037927317304613,9.814410004146172,7.209925128049138,4.749473852685668,3.1574002783116053,-3.2699999999999996,21.942960480750312,9.47426186581131,4.960135055262493,10.633577208012662,37.55650317249396,0,13.847474399381248,33.35113698631069,48.10558525600011,5.022633313741326,11.257379486545457,0,11.079897760825826,0,22.937725768167255,9.901064578912528,0,25.252702687795164,0,19.88931522852921,11.923670568519249,75.64297754283236,0,11.257379486545457,39.92480325834459,20.724083123800575,4.794537184071822,14.951935562841626,0,11.336785877934737,23.733674027155736,43.173478588160066,28.35983471913039,24.0365787833578,5.693927994848461,5.131558479839333,5.948339280986494,5.907179729351506,0,22,0,1,0,0,1,0,2,4,2,0,32,12,1,0,11,11,0,7,10,8,4,4,0,0,5,3,2,0,13,9,0,0,0,2,2,0,0,0,0,0,0
"CSAR_erk2_34",3.2471000000000014,106.93890000000002,162.24464536445805,157.42000000000002,392.3790000000002,392.13453637199996,11,5,6,5,7,0,11,29,45,0,0,5,4,1,1,3,0,0,1,1,1,0.16666666666666666,15.022051104591943,9.018545964599648,6.893621525052224,4.779266838126689,3.148912195768618,9.018545964599648,6.893621525052224,4.779266838126689,3.148912195768618,-4.15,16.982887192164096,6.476220048912472,3.2877465569550632,16.19284410306467,30.302016802969028,0,10.114318268765572,24.453477286861872,41.192739594841484,0,10.902924932081056,0,28.828360882872207,0,0,4.923311048817671,0,25.37870575415136,0,18.75954929201341,10.633577208012662,62.56025275350752,0,0,39.73128581495327,10.633577208012662,30.204900877740506,4.9839785209472085,5.098681808301038,0,0,37.107111519698464,29.431954452616637,15.826235980898726,5.817862777835028,5.817862777835028,5.817862777835028,5.559266895052008,5.687386274683562,18,0,0,0,0,0,0,3,5,3,0,29,7,2,0,14,10,0,6,15,11,5,5,1,1,3,2,1,0,13,10,0,1,0,2,2,0,0,0,0,2,1
"erk2_42",4.466800000000002,112.47139999999999,180.44388954084067,93.80000000000001,442.85300000000007,442.1008099040001,6,4,6,4,3,1,9,31,48,1,1,4,4,0,0,2,0,0,2,0,0,0.09090909090909091,16.75045758878235,9.685444090655036,7.289658108054038,5.060297568897176,3.440656995771882,9.307479617645807,6.853222327582053,4.825200466109437,3.2503691476326817,-3.4899999999999993,20.769480345113088,8.707940569675008,4.349527132905259,5.316788604006331,32.80193122625442,0,11.63444168209179,22.09375749976524,60.924623690919034,5.022633313741326,22.384282469939446,0,8.78083009534964,0,11.600939890232516,18.681894674262168,0,20.498130741555613,0,6.041840829147961,6.606881964512918,88.83907817329761,0,22.384282469939446,17.508119619584022,15.407294519794245,9.893218992372859,8.78083009534964,5.098681808301038,0,29.800041095617345,41.45873832570204,22.346379868748393,24.539494360122415,5.693927994848461,11.63444168209179,0,5.907179729351506,0,22,2,1,0,0,0,0,1,3,2,0,31,11,1,0,11,11,0,6,8,6,4,4,0,0,5,2,2,0,13,9,0,0,0,2,2,0,0,0,0,0,0
"CSAR_erk2_37",1.6477199999999999,105.86620000000002,162.23341457256387,123.16,381.4360000000001,381.180089596,8,5,8,5,6,1,8,28,51,1,0,3,3,0,0,2,0,0,1,0,0,0.25,15.514575438729974,8.958810186006492,6.29694707545808,4.2575438326994,2.8050320654074143,8.958810186006492,6.29694707545808,4.2575438326994,2.8050320654074143,-3.229999999999999,19.529342754149297,9.115237382906878,4.537058484315978,10.633577208012662,50.83069041681295,0,6.923737199690624,27.657208991462234,48.791889553995816,0,11.257379486545457,0,5.948339280986494,0,0,15.007591973753234,0,20.268724166847957,0,12.965578028838586,25.075308938944744,65.61272053223826,0,11.257379486545457,11.855519010338,25.83061051864128,4.794537184071822,9.967957041894417,0,0,30.33183534230805,24.117007251546227,24.501895040835723,24.949532753022257,5.693927994848461,0,5.948339280986494,5.907179729351506,0,20,0,0,0,0,0,0,2,3,3,0,28,12,1,0,9,8,0,8,11,8,5,5,0,0,4,5,2,0,11,6,0,0,0,1,2,0,0,0,0,0,0
"erk2_48",5.4330200000000035,129.99339999999998,204.5384586543282,102.93,500.3610000000001,499.09780845999995,7,4,7,4,5,1,10,34,54,1,0,4,4,0,0,2,0,0,2,0,0,0.125,19.453600130300764,11.010622159164223,8.41292531089167,5.559526557688901,3.7191902791187283,10.254693213145767,7.540053749947702,5.089332352113424,3.36167496836767,-3.459999999999999,23.6899365828109,10.212189957470967,5.361513694837451,10.633577208012662,32.57252465154676,0,12.740958040736519,27.657208991462234,60.92462369091903,10.045266627482652,11.257379486545457,0,16.026140603344878,0,23.20187978046503,14.291479626587348,0,20.268724166847957,0,12.965578028838586,11.923670568519249,93.60794213769005,0,11.257379486545457,40.744785065486596,20.724083123800575,4.794537184071822,14.358372089569237,0,0,35.33461391738825,54.44884259385427,28.0024052624058,24.030037063192903,11.511148835894357,0,5.948339280986494,5.907179729351506,0,24,1,2,0,0,0,0,2,3,2,0,34,13,1,0,12,11,0,7,9,7,4,4,0,0,6,3,2,0,13,10,0,0,0,1,3,0,0,0,0,0,0
"CSAR_erk2_3",4.160720000000001,103.33360000000003,165.14155327695053,82.7,403.40800000000013,403.16199492000004,6,3,6,3,4,1,9,29,49,0,0,3,3,0,0,2,0,0,1,0,0,0.25,15.892234347191938,8.988583032872931,6.395171969734461,4.269837182349853,2.86144494271586,8.988583032872931,6.395171969734461,4.269837182349853,2.86144494271586,-3.3600000000000003,20.37620730458385,8.33735414470829,4.7361023735195875,10.633577208012662,27.403871698105707,12.72105492335605,6.923737199690624,34.1025568537019,42.7255224855342,0,11.257379486545457,0,19.119584424010952,0,0,17.96578232709628,0,20.268724166847957,0,26.568529322737298,11.861545009918906,65.10980495547365,0,11.257379486545457,11.855519010338,15.617555728959871,4.794537184071822,9.967957041894417,13.171245143024459,0,18.19910120538483,37.107111519698464,31.0466514467483,11.257379486545457,5.693927994848461,0,5.948339280986494,5.907179729351506,6.176298517443475,20,3,0,0,0,0,0,2,3,1,0,29,13,1,0,9,8,0,6,7,6,3,3,0,0,6,4,1,1,10,7,0,0,0,1,2,0,0,0,0,0,0
"CSAR_erk2_35",4.349400000000004,142.36639999999983,213.8420619306968,73.48,513.4490000000003,512.1614569160901,7,2,9,2,6,0,9,35,63,0,0,4,4,0,0,2,0,0,2,0,0,0.2692307692307692,21.450503752935788,12.31054659692294,9.010744772645292,6.645352711420461,4.5225802482484205,11.554617650904484,8.196344519164084,6.015411923071749,3.92153550341232,-3.1300000000000003,24.977641484381053,11.074607375205213,5.585660029122056,20.512828183708866,40.776207871936414,7.04767198267719,0,13.847474399381248,59.522317303377775,10.045266627482652,22.160304418626513,0,11.635725555670057,5.749511833283905,23.20187978046503,9.636772684650527,0,14.53505668968577,7.04767198267719,13.847474399381248,31.557939786256977,75.12685082591244,0,16.876414816677897,45.87100677136761,14.953561288656857,9.361636831863176,4.9839785209472085,4.9839785209472085,0,29.268246848926644,56.31204387861251,29.88157753513562,28.6982309310048,24.548327424477126,0,5.948339280986494,5.559266895052008,0,26,0,2,0,0,0,0,2,3,2,0,35,14,1,0,12,11,0,9,9,7,2,2,0,1,6,6,1,0,11,11,0,0,0,0,4,0,0,0,0,2,1
"CSAR_erk2_11",5.327080000000004,149.7998999999998,224.94568842960305,98.3,532.0930000000003,531.1728346160901,7,4,8,4,7,0,9,37,65,0,0,5,4,1,1,2,1,1,2,0,0,0.25,21.870742832621197,13.596880899795563,10.517770749934767,7.853697353596576,6.033481945911773,12.402419845858613,9.06071424330313,6.448627879468422,4.674842089395203,-3.64,25.02818363145322,11.608105464840287,6.025046260909136,15.533486938863138,41.25351006038542,0,11.33111286753076,24.825916360475023,60.794147187767564,5.022633313741326,21.697978171943753,0,16.636807532357924,5.749511833283905,22.937725768167255,10.006437125691184,5.261891554738487,9.967957041894417,0,19.26246486877803,36.812602831662964,71.3802319932059,0,33.51671131801993,39.574533300525175,20.640014333703846,0,9.967957041894417,5.261891554738487,11.336785877934737,29.800041095617345,55.157751702783074,28.53668172019657,42.313552303897055,16.819815122764044,0,5.948339280986494,0,0,28,0,1,0,0,1,0,3,3,1,0,37,11,0,1,18,11,0,8,8,7,4,4,0,1,3,5,0,0,18,11,0,0,0,1,4,0,0,0,0,0,0
"erk2_30",3.9612000000000034,93.95790000000004,144.19551533858748,64.78,340.8140000000002,340.10908884400004,5,2,3,2,2,1,6,24,41,0,0,4,3,1,1,2,1,1,1,0,0,0.2222222222222222,13.806447909565035,8.373681750046552,6.406797694824022,4.605430224607526,3.3240929808993154,7.995717277037325,5.970361914352037,4.370333121819787,3.133805132760115,-2.5299999999999994,15.024491801592198,6.1677586176336465,2.714037985177754,0,39.07794440957641,0,0,23.330108424772302,42.7255224855342,5.022633313741326,22.384282469939446,0,0,0,11.600939890232516,4.794537184071822,0,20.08125186839976,0,12.841643245852019,13.08951281182515,53.44208379412399,0,22.384282469939446,17.508119619584022,9.883888251797686,9.893218992372859,0,5.098681808301038,0,23.733674027155736,36.60419594293384,35.435892680573545,11.890771566461538,5.693927994848461,0,0,5.907179729351506,0,18,0,1,0,0,0,0,0,4,1,0,24,5,1,0,13,8,0,3,6,5,2,2,0,0,2,0,1,0,14,7,0,0,0,3,1,0,0,0,0,0,0
"erk2_35",4.6552000000000024,106.43260000000001,160.95364286839558,73.57,376.847,376.10908884400004,5,3,5,3,2,1,6,27,44,0,0,4,4,0,0,2,0,0,2,0,0,0.047619047619047616,15.124665316453564,8.889492846570034,6.564611205614716,4.508048853196634,3.111943330549145,8.511528373560807,6.1281754251427305,4.272951750408895,2.9216554824099448,-3.309999999999999,17.121306617575115,7.514521390199096,3.78016620158483,5.316788604006331,21.088521866900788,6.544756405912575,0,16.051916670617278,73.05735782784225,5.022633313741326,22.384282469939446,0,0,0,11.600939890232516,4.794537184071822,0,20.498130741555613,0,6.544756405912575,0,89.33737062812904,0,22.384282469939446,17.508119619584022,10.30076712495354,9.893218992372859,0,5.098681808301038,0,54.06550936946379,29.32600418877882,35.087979846274045,0,11.387855989696922,0,0,5.907179729351506,0,21,0,1,0,0,0,0,1,3,1,0,27,7,1,0,11,11,0,5,6,5,3,3,0,0,2,2,1,0,15,7,0,0,0,2,2,0,0,0,0,0,0
"erk2_13",3.1976000000000013,95.54290000000003,149.30906056809437,74.01,356.8130000000002,356.104003464,6,2,3,2,3,1,7,25,42,0,0,4,3,1,1,2,1,1,1,0,0,0.2222222222222222,14.214696200028898,8.451032019236179,6.312063349333269,4.510451779020556,3.1703135576715926,8.07306754622695,5.875627568861284,4.275354676232818,2.9800257095323928,-2.5699999999999994,15.928720628856496,6.739699943088353,3.181191665222611,0,52.29170833860224,4.736862953800049,0,10.488465178920283,42.7255224855342,5.022633313741326,22.384282469939446,0,0,0,11.600939890232516,9.53140013787187,0,20.08125186839976,0,0,26.303276740850986,53.44208379412399,0,22.384282469939446,17.508119619584022,14.620751205597735,9.893218992372859,0,5.098681808301038,0,23.733674027155736,23.762552697081826,35.435892680573545,25.104535495487376,5.693927994848461,0,0,5.907179729351506,0,18,0,1,0,0,0,0,0,4,1,1,25,5,1,0,14,8,0,3,8,6,2,2,0,0,2,0,1,0,15,7,0,0,0,2,2,0,0,0,0,0,0
"erk2_06",4.113300000000002,115.18039999999999,177.47192969585555,93.80000000000001,418.884,418.119653528,6,4,4,4,3,1,7,30,49,2,2,5,4,0,1,2,0,0,2,0,1,0.13043478260869565,16.64922918114315,10.02565386277978,7.8289083149653225,5.716948628919672,4.208003404167479,9.647689389770552,7.392472534493337,5.481851526131933,4.01771555602828,-3.349999999999999,18.66426940487374,7.4789331776973516,3.2986949479289103,5.316788604006331,32.2990156494898,6.4208216229260096,0,27.657208991462234,66.99099075938064,5.022633313741326,22.384282469939446,0,0,0,11.600939890232516,9.901064578912528,0,20.498130741555613,0,18.566628839822272,0,88.83445505136443,0,22.384282469939446,17.508119619584022,15.407294519794245,9.893218992372859,0,5.098681808301038,0,47.99914230100218,34.88945568047582,28.767201491674403,24.0365787833578,5.693927994848461,0,0,5.907179729351506,0,23,0,1,0,0,0,0,1,3,2,0,30,7,1,0,15,11,0,4,8,6,4,4,0,0,3,1,1,0,15,10,0,0,0,3,2,0,0,0,0,2,1
"erk2_11",4.977500000000002,103.2156,154.58870075399895,73.57,362.82000000000005,362.09343878000004,5,3,4,3,2,1,6,26,41,0,0,4,4,0,0,2,0,0,2,0,0,0,14.417558535267016,8.428303022785856,6.227639738978588,4.258029600670319,2.961061564971548,8.050338549776628,5.791203958506602,4.0229324978825804,2.770773716832348,-3.309999999999999,16.174296173755383,6.8973951899040555,3.248732323136391,5.316788604006331,21.088521866900788,0,0,10.488465178920283,73.05735782784225,5.022633313741326,22.384282469939446,0,5.687386274683562,0,11.600939890232516,4.794537184071822,0,15.181342137549283,0,0,5.316788604006331,83.77391913643204,0,22.384282469939446,23.195505894267583,10.30076712495354,9.893218992372859,0,5.098681808301038,0,41.932775232540564,35.89528683400505,28.033766143431958,11.890771566461538,5.693927994848461,0,0,5.907179729351506,0,20,0,1,0,0,0,0,1,3,1,0,26,6,1,0,11,11,0,4,6,5,3,3,0,0,2,1,1,0,15,7,0,0,0,2,2,0,0,0,0,0,0
"erk2_46",5.495400000000003,122.57539999999997,192.71935118875155,93.80000000000001,475.76300000000015,474.0417088240001,6,4,6,4,3,1,9,31,48,1,1,4,4,0,0,2,0,0,2,0,0,0.09090909090909091,18.262315480819257,10.435389972529784,8.191765322729387,5.437960584000422,4.030799366930903,9.301496553502101,6.882457981313432,4.766427700740699,3.2975898260140135,-2.769999999999999,21.4616047496142,9.15779773158332,4.778112996146902,5.316788604006331,32.80193122625442,0,0,22.09375749976524,60.924623690919034,15.067899941223978,22.384282469939446,0,0,0,34.802819670697545,9.901064578912528,0,20.498130741555613,0,6.041840829147961,6.606881964512918,87.24990311868847,0,22.384282469939446,40.70999940004906,15.407294519794245,9.893218992372859,0,5.098681808301038,0,46.93555380762077,47.52510539416365,32.39164649623105,24.539494360122415,5.693927994848461,0,0,5.907179729351506,0,22,0,3,0,0,0,0,1,3,2,0,31,11,1,0,11,11,0,6,8,6,4,4,0,0,5,2,2,0,13,9,0,0,0,2,2,0,0,0,0,0,0
"CSAR_erk2_20",3.0797200000000005,120.08820000000004,185.26656502823874,123.16000000000001,443.93500000000023,443.172417372,8,5,9,5,6,1,9,31,57,2,0,3,3,0,0,2,0,0,1,0,0,0.3181818181818182,18.14846885775765,10.395165604159105,7.659404776278763,5.193234345633804,3.3177967297526862,10.017201131149879,7.222968995806778,4.958137242846066,3.1190692753376137,-2.94,22.73868255504958,10.388146802034724,5.605540716470978,10.633577208012662,50.327774840048335,0,6.923737199690624,41.00176781407886,42.7255224855342,5.022633313741326,11.257379486545457,0,5.948339280986494,0,11.600939890232516,15.007591973753234,0,20.268724166847957,0,32.351977680603184,18.530552533032168,64.56898677751798,0,11.257379486545457,23.456458900570517,25.83061051864128,4.794537184071822,9.967957041894417,0,0,30.65741122684636,42.67056301139546,22.979771948664474,30.99137358217022,5.693927994848461,0,5.948339280986494,5.907179729351506,0,22,0,1,0,0,0,0,2,3,3,0,31,15,1,0,9,8,0,9,11,8,5,5,0,0,6,5,3,0,10,7,0,0,0,1,2,0,0,0,0,0,0
"erk2_31",4.586800000000003,107.51759999999999,166.02122659738043,82.79999999999998,392.846,392.104003464,6,3,6,3,3,1,7,28,45,0,0,4,4,0,0,2,0,0,2,0,0,0.047619047619047616,15.532913606917427,9.024655693205874,6.6129501020584165,4.472898527732503,3.055325454789142,8.646691220196647,6.176514321586431,4.237801424944764,2.865037606649942,-3.349999999999999,18.03387032428738,8.122104282804687,3.9796360472275523,5.480096598121202,21.088521866900788,11.444470548249551,0,16.051916670617278,73.05735782784225,5.022633313741326,22.384282469939446,0,0,0,11.600939890232516,9.632125767808455,0,20.661438735670487,0,6.606881964512918,0,89.33737062812904,0,22.384282469939446,17.508119619584022,4.9839785209472085,14.730807576109493,5.480096598121202,5.098681808301038,0,54.06550936946379,29.32600418877882,22.346379868748393,18.497653530974453,5.693927994848461,0,0,5.907179729351506,0,21,0,1,0,0,0,0,1,3,2,0,28,8,1,0,11,11,0,6,8,6,3,3,0,0,2,3,1,0,15,7,0,0,0,2,2,0,0,0,0,0,0
"erk2_27",4.327700000000003,112.51339999999998,176.2783541379144,93.80000000000001,424.86300000000006,424.110231716,6,4,6,4,3,1,8,30,48,1,1,4,4,0,0,2,0,0,2,0,0,0.09090909090909091,16.449843384962747,9.585778251627463,7.1376248908101525,4.994909242351482,3.4565805297622076,9.207813778618235,6.701189110338167,4.759812139563743,3.2662926816230073,-3.4199999999999995,19.877406421476056,8.524187285072877,3.9826371945302528,5.316788604006331,32.80193122625442,0,5.817220841045895,22.09375749976524,66.99099075938064,5.022633313741326,22.384282469939446,0,4.39041504767482,0,11.600939890232516,14.291479626587348,0,20.498130741555613,0,6.041840829147961,6.606881964512918,89.08822440071332,0,22.384282469939446,17.508119619584022,15.407294519794245,9.893218992372859,4.39041504767482,5.098681808301038,0,41.932775232540564,29.828919765543436,27.90983136044539,24.539494360122415,11.511148835894357,0,0,5.907179729351506,0,22,1,1,0,0,0,0,1,3,2,0,30,10,1,0,11,11,0,6,8,6,4,4,0,0,4,2,2,0,14,8,0,0,0,2,2,0,0,0,0,0,0
"erk2_01",4.0843000000000025,108.07550000000003,171.31621616627092,71.36,404.3970000000002,404.11723524399997,6,1,3,1,5,1,7,30,47,0,0,5,3,0,2,0,0,2,3,0,0,0.13043478260869565,15.839173166356595,9.416811947964742,7.069439844953001,5.282743429135877,4.010613452992671,9.416811947964742,7.069439844953001,5.282743429135877,4.010613452992671,-3.7099999999999986,18.326929032339635,7.274434161711767,2.909815381554733,9.636772684650527,23.619060062999328,22.683038508297365,5.817220841045895,16.690354475090988,65.81938341136664,0,11.126902983393991,0,10.077801322358383,5.749511833283905,0,23.865931164124028,0,0,5.15571272675054,13.151638370425493,11.692852036950306,83.17124600075299,0,16.876414816677897,17.30625100680577,19.580888663227867,4.794537184071822,4.39041504767482,0,0,47.62028220598181,29.32600418877882,16.690354475090988,18.839024645109056,11.5667326743298,12.504627308870528,0,5.907179729351506,0,23,1,0,0,0,0,0,1,1,2,2,30,5,2,0,18,9,0,3,10,6,1,1,0,0,3,2,0,0,14,11,0,0,0,1,4,0,0,0,0,4,2
"erk2_26",3.8821200000000022,107.67810000000003,157.75737039877825,76.82,358.445,358.179361324,5,3,6,2,4,0,5,27,49,1,0,4,4,0,0,2,0,0,2,0,0,0.18181818181818182,15.222442543302014,9.013211972290154,6.739504943560347,4.604699062789094,3.159615458444879,9.013211972290154,6.739504943560347,4.604699062789094,3.159615458444879,-3.179999999999999,17.244693916023135,7.595949758954507,3.9853791465413586,10.470530430962235,27.830064931210163,6.4208216229260096,6.923737199690624,11.257379486545457,66.99099075938065,0,22.02982791547505,0,0,5.749511833283905,0,4.736862953800049,0,15.181342137549283,5.733667477162185,19.386399651764595,6.606881964512918,78.24837024592611,0,16.876414816677897,10.902924932081056,10.470530430962235,10.082660329248245,0,5.098681808301038,0,36.39820241076966,42.67056301139545,23.18836010692283,17.407472284077798,12.356393797796823,0,0,0,0,22,0,0,0,0,0,0,1,3,1,0,27,8,0,0,11,11,0,6,6,5,3,2,0,0,2,3,1,0,14,7,0,0,0,1,3,0,0,0,0,2,1
"CSAR_erk2_12",4.477500000000002,127.80420000000001,187.41827401257683,139.2,439.4830000000002,439.1869062920001,10,6,7,6,7,0,10,33,54,0,0,6,5,1,1,3,0,0,2,1,1,0.13043478260869565,17.51495560042272,10.70027161727151,8.019203810418281,5.533911820683102,3.6752054200940707,10.70027161727151,8.019203810418281,5.533911820683102,3.6752054200940707,-4.6,19.11289755817706,7.825363470963301,4.009422630280156,21.509632707071,30.362684275098566,0,0,24.453477286861872,65.58868437183939,0,10.902924932081056,0,34.646223660707236,0,0,0,0,30.362684275098566,0,18.75954929201341,15.950365812018994,76.84187926173986,0,0,45.54914859278829,15.950365812018994,20.090582608974934,4.9839785209472085,10.082660329248245,0,18.19910120538483,43.17347858816007,29.05297365883859,17.099768503694133,5.687386274683562,11.635725555670057,5.948339280986494,5.559266895052008,0,23,0,0,0,0,0,0,3,6,1,0,33,7,1,0,17,13,0,7,11,10,6,6,0,0,1,3,0,0,18,11,0,1,0,2,3,0,0,0,0,2,1
"erk2_38",4.9334000000000024,106.34859999999998,169.28471367424805,73.57,412.8270000000001,412.09024522000004,5,3,5,3,2,1,8,29,44,0,0,4,4,0,0,2,0,0,2,0,0,0.047619047619047616,15.725893724092765,9.090724546171256,6.83862884488411,4.663453699780412,3.1683074490436836,8.712760073162029,6.402193064412125,4.428356596992673,2.9780196009044833,-3.4499999999999993,18.89216248876675,7.886626308175529,4.0455396529752,5.316788604006331,21.088521866900788,6.544756405912575,11.63444168209179,16.051916670617278,60.924623690919034,5.022633313741326,22.384282469939446,0,8.78083009534964,0,11.600939890232516,13.575367279421462,0,20.498130741555613,0,6.544756405912575,0,88.83907817329761,0,22.384282469939446,17.508119619584022,10.30076712495354,9.893218992372859,8.78083009534964,5.098681808301038,0,29.800041095617345,41.45873832570204,28.89113627466097,11.890771566461538,5.693927994848461,11.63444168209179,0,5.907179729351506,0,21,2,1,0,0,0,0,1,3,1,0,29,9,1,0,11,11,0,5,6,5,3,3,0,0,4,2,1,0,13,9,0,0,0,2,2,0,0,0,0,0,0
"CSAR_erk2_22",3.6076000000000015,144.6527999999999,233.23126044993776,136.70999999999998,575.4480000000001,574.14186434409,9,6,11,5,5,1,12,39,66,1,0,4,4,0,0,2,0,0,2,0,0,0.2222222222222222,22.444203459288172,12.907708798690429,9.465408567803452,6.675724870790169,4.486855935622613,12.151779852671973,8.651008314322244,6.0342298979334,4.040179393908214,-3.699999999999999,28.31166413296157,12.899798540948083,6.845774196572223,10.633577208012662,51.92287488463175,16.076156543784446,5.817220841045895,34.58094619115286,54.858256622457425,10.045266627482652,22.384282469939446,0,4.39041504767482,0,23.20187978046503,29.13966836846555,0,20.498130741555613,0,19.51033443475116,19.75852033493841,87.54157506922843,0,22.384282469939446,35.07836479776839,25.460946077600624,9.893218992372859,9.184952231746642,5.098681808301038,0,41.40098098584986,42.316108456931055,27.909831360445388,36.169009638376664,18.055905241806933,6.544756405912575,0,5.907179729351506,5.969305287951849,27,1,2,0,0,0,0,2,3,4,0,39,18,2,0,11,11,0,11,13,9,6,5,0,1,7,7,3,0,12,10,0,0,0,2,2,0,0,0,0,0,0
"erk2_02",4.2234000000000025,108.03350000000002,175.48175156919717,71.36,422.3870000000003,422.10781343199994,6,1,3,1,5,1,8,31,47,0,0,5,3,0,2,0,0,2,3,0,0,0.13043478260869565,16.139787370176194,9.516477786992315,7.213761789693316,5.333571875289561,4.048916783841602,9.516477786992315,7.213761789693316,5.333571875289561,4.048916783841602,-3.779999999999999,19.19940182729168,7.479471063830018,3.2100941860852448,9.636772684650527,23.619060062999328,22.683038508297365,11.63444168209179,16.690354475090988,59.75301634290503,0,11.126902983393991,0,14.468216370033202,5.749511833283905,0,28.25634621179885,0,0,5.15571272675054,13.151638370425493,11.692852036950306,82.92209977333728,0,16.876414816677897,17.30625100680577,19.580888663227867,4.794537184071822,8.78083009534964,0,0,29.421181000596977,41.45873832570204,16.690354475090988,18.839024645109056,17.383953515375694,12.504627308870528,0,5.907179729351506,0,23,2,0,0,0,0,0,1,1,2,2,31,6,2,0,18,9,0,3,10,6,1,1,0,0,4,2,0,0,13,12,0,0,0,1,4,0,0,0,0,4,2
"CSAR_erk2_32",6.089360000000004,128.36860000000001,200.19864748301458,82.7,479.50600000000026,479.19329504800004,6,3,6,3,4,1,9,35,59,0,0,4,4,0,0,2,0,0,2,0,0,0.19230769230769232,19.41717837357427,10.909973668661989,8.332110683059962,5.643213980508382,3.540112209134633,10.909973668661989,8.332110683059962,5.643213980508382,3.540112209134633,-4.14,23.999468343469115,9.614567332560263,5.683216480539122,10.633577208012662,20.85911529219313,12.72105492335605,20.771211599071872,38.30572263740526,60.92462369091903,0,11.257379486545457,0,24.806970698694514,0,0,17.96578232709628,0,20.268724166847957,0,33.492266522427926,5.316788604006331,94.43580914425249,0,11.257379486545457,17.54290528502156,15.617555728959871,4.794537184071822,9.967957041894417,13.171245143024459,0,18.19910120538483,73.35685290816791,30.189281315519285,11.257379486545457,5.693927994848461,0,5.948339280986494,5.907179729351506,6.176298517443475,26,3,0,0,0,0,0,2,3,1,0,35,14,1,0,12,11,0,6,7,6,3,3,0,0,7,3,1,1,13,10,0,0,0,1,3,0,0,0,0,0,0
"erk2_52",4.549520000000002,129.39339999999999,192.49627502643182,102.93,441.53500000000014,441.21647510400004,7,4,8,4,5,1,7,33,60,1,0,4,4,0,0,2,0,0,2,0,0,0.19230769230769232,18.66965613880197,10.92703947036583,7.78226402821861,5.50736444215332,3.683386202255684,10.92703947036583,7.78226402821861,5.50736444215332,3.683386202255684,-3.9699999999999993,22.232041989786932,10.099765614839942,5.098996267552839,10.633577208012662,32.57252465154676,6.4208216229260096,6.923737199690624,40.14439768284985,73.05735782784227,0,11.257379486545457,0,11.635725555670057,0,0,9.901064578912528,0,20.268724166847957,0,26.31013685145522,11.923670568519249,95.44164029778173,0,11.257379486545457,17.54290528502156,20.724083123800575,4.794537184071822,9.967957041894417,0,0,55.4546737473835,42.16764743463084,23.64452490960671,18.34265078850934,5.693927994848461,0,5.948339280986494,5.907179729351506,0,26,0,0,0,0,0,0,2,3,2,0,33,12,1,0,12,11,0,8,9,7,4,4,0,0,4,4,2,0,15,8,0,0,0,1,3,0,0,0,0,0,0
"erk2_20",4.663800000000003,112.9846,172.43213021229906,82.79999999999998,406.87300000000005,406.119653528,6,3,6,3,3,1,7,29,48,0,0,4,4,0,0,2,0,0,2,0,0,0.09090909090909091,16.4555633377278,9.408465842191157,6.938242421878733,4.838495683298966,3.2621000933786584,9.030501369181929,6.5018066414067475,4.603398580511227,3.071812245239458,-3.509999999999999,18.834864805728266,8.24250587075429,4.171901828062421,10.05365155780638,28.19831940817832,6.544756405912575,0,16.051916670617278,66.99099075938064,5.022633313741326,22.384282469939446,0,0,5.749511833283905,11.600939890232516,9.53140013787187,0,20.498130741555613,0,6.544756405912575,7.109797541277533,83.27100355966743,0,28.13379430322335,17.508119619584022,15.037630078753587,9.893218992372859,0,5.098681808301038,0,35.866408164078955,41.45873832570204,28.89113627466097,19.00056910773907,11.443439828132366,0,0,5.907179729351506,0,22,0,1,0,0,0,0,1,3,2,0,29,9,1,0,11,11,0,6,8,6,3,3,0,0,3,3,1,0,14,8,0,0,0,2,2,0,0,0,0,0,0
"CSAR_erk2_19",3.9105200000000027,115.7267,174.21652861403058,90.9,398.46600000000007,398.174275944,6,3,6,3,4,1,6,30,52,1,0,4,4,0,0,2,0,0,2,0,0,0.125,16.53989962680505,9.69971263191934,7.012588986195903,4.894614508911795,3.278464322623504,9.69971263191934,7.012588986195903,4.894614508911795,3.278464322623504,-3.7699999999999987,19.542276822525096,8.713595777171877,4.135382320377021,5.316788604006331,32.57252465154675,0,6.923737199690624,27.657208991462234,79.12372489630387,0,22.645235476242377,0,0,0,0,9.901064578912528,0,20.268724166847957,0,12.965578028838586,6.606881964512918,95.94455587454635,0,22.645235476242377,5.907179729351506,15.407294519794245,4.794537184071822,9.967957041894417,0,0,60.6636706846161,24.117007251546227,23.520590126620142,18.34265078850934,5.693927994848461,5.824404497999927,0,5.907179729351506,0,24,0,0,0,0,0,0,1,3,2,0,30,9,1,0,12,11,0,6,8,6,3,3,0,0,3,2,2,0,16,7,0,0,0,1,3,0,0,0,0,0,0
"CSAR_erk2_33",4.590100000000003,115.6316,177.7912411731665,82.8,418.88400000000024,418.119653528,6,3,5,3,3,1,7,30,49,0,0,5,4,0,1,2,0,1,2,0,0,0.13043478260869565,16.79242663091127,10.059112743582048,7.6307044740151335,5.433305622789123,3.86858971242346,9.681148270572821,7.194268693543148,5.198208520001385,3.67830186428426,-3.51,18.51427799747451,7.723650157947511,3.573928276392924,10.05365155780638,27.695403831413707,12.965578028838586,0,21.615368162314272,60.92462369091903,5.022633313741326,22.384282469939446,0,0,5.749511833283905,11.600939890232516,9.53140013787187,0,20.498130741555613,0,12.965578028838586,6.606881964512918,82.76808798290283,0,28.13379430322335,17.508119619584022,15.037630078753589,9.893218992372859,0,5.098681808301038,0,35.866408164078955,40.95582274893743,35.31195789758698,18.497653530974457,11.443439828132366,0,0,5.907179729351506,0,23,0,1,0,0,0,0,1,3,1,1,30,7,1,0,15,11,0,5,8,6,3,3,0,0,2,2,1,0,16,9,0,0,0,3,2,0,0,0,0,2,1
"CSAR_erk2_4",2.29232,88.58030000000002,133.34014923838666,96.69,307.357,307.14331016400007,6,4,4,3,4,1,6,23,40,0,0,3,3,0,0,2,0,0,1,0,0,0.11764705882352941,12.705934685356961,7.232984619507415,5.211271805793357,3.5982673321764214,2.287031101562133,7.232984619507415,5.211271805793357,3.5982673321764214,2.287031101562133,-3.15,14.77339594384429,6.310698890695555,3.370190992256093,11.050456081168516,20.85911529219313,6.544756405912575,6.923737199690624,21.615368162314276,48.79188955399581,0,11.257379486545457,0,5.948339280986494,0,0,4.794537184071822,0,20.268724166847957,0,13.4684936056032,5.733667477162185,65.61272053223827,0,11.257379486545457,11.855519010338,16.034434602115724,4.794537184071822,9.967957041894417,0,0,24.26546827384644,30.183374320007836,24.501895040835723,5.693927994848461,5.693927994848461,0,5.948339280986494,5.907179729351506,0,17,0,0,0,0,0,0,2,3,1,0,23,7,1,0,9,8,0,4,7,6,4,3,0,0,3,2,1,0,11,6,0,0,0,1,2,0,0,0,0,0,0
"erk2_49",5.602340000000003,134.77239999999995,206.73786536579857,102.93,496.3980000000002,495.122880336,7,4,7,4,5,1,9,34,57,1,0,4,4,0,0,2,0,0,2,0,0,0.16,20.075635657291535,11.321639922659607,8.74800038211618,5.816847188039564,3.963544547651266,10.565710976641153,7.875128821172213,5.346652982464087,3.538159596724328,-3.3899999999999992,23.75763027714952,10.257059642551726,5.390137946115351,10.633577208012662,32.57252465154676,0,13.847474399381248,33.22066048315923,60.924623690919034,10.045266627482652,11.257379486545457,0,11.635725555670057,0,23.20187978046503,9.901064578912528,0,20.268724166847957,0,19.88931522852921,11.923670568519249,93.35417278834115,0,11.257379486545457,40.744785065486596,20.724083123800575,4.794537184071822,9.967957041894417,0,0,35.33461391738825,66.9360312852419,33.68979153708936,18.34265078850934,5.693927994848461,0,5.948339280986494,5.907179729351506,0,25,0,2,0,0,0,0,2,3,2,0,34,13,1,0,12,11,0,7,9,7,4,4,0,0,6,3,2,0,13,10,0,0,0,1,3,0,0,0,0,0,0
"erk2_32",4.050200000000002,104.22760000000001,160.17329084934212,86.46000000000001,377.83500000000004,377.10433781200004,6,3,5,3,3,1,7,27,43,0,0,4,4,0,0,3,0,0,1,0,0,0.05,14.994528642763896,8.73514091680006,6.445629611751243,4.428797694683714,3.0193514206672547,8.357176443790832,6.009193831279258,4.193700591895975,2.8290635725280544,-3.379999999999999,17.054892730196702,7.47078773973259,3.7534068377874923,5.316788604006331,26.072500387848,6.544756405912575,0,16.051916670617278,67.25194376568356,5.022633313741326,22.384282469939446,0,0,0,11.600939890232516,4.794537184071822,0,25.48210926250282,0,6.544756405912575,0,83.53195656597036,0,22.384282469939446,17.508119619584022,10.30076712495354,14.877197513320068,0,5.098681808301038,0,23.733674027155736,41.45873832570204,41.284823417887125,11.890771566461538,5.693927994848461,0,0,5.907179729351506,0,20,0,1,0,0,0,0,1,4,1,0,27,7,1,0,11,11,0,5,7,6,3,3,0,0,2,2,1,0,15,7,0,0,0,2,2,0,0,0,0,0,0
"CSAR_erk2_27",5.022400000000003,97.70840000000003,146.06172060232177,53.6,336.4140000000002,336.175024892,4,2,4,2,3,0,5,25,46,0,0,4,3,1,1,2,0,0,1,1,1,0.3,14.004077992648517,8.82124944637757,6.563443891192202,4.786137971144018,3.470893412661398,8.82124944637757,6.563443891192202,4.786137971144018,3.470893412661398,-2.69,15.815472793231178,7.050304288728523,3.5501123813524402,5.316788604006331,21.223182966697244,0,5.817220841045895,32.10410811463005,48.79188955399581,0,22.384282469939446,0,10.208277825509848,0,0,4.39041504767482,0,15.181342137549283,0,38.14594894377801,5.316788604006331,54.609110395041704,0,22.384282469939446,5.817862777835028,5.316788604006331,5.098681808301038,9.374393568622029,5.098681808301038,0,19.26246486877803,54.80329714831868,29.562430955768104,5.693927994848461,11.635083618880923,0,0,0,0,20,1,0,0,0,0,0,1,3,0,0,25,5,0,0,15,8,0,4,4,4,2,2,0,0,1,1,0,0,16,7,0,0,0,1,3,0,0,0,0,0,0
"erk2_16",3.8171000000000017,91.45490000000001,138.8364043777201,64.78,328.803,328.10908884400004,5,2,4,2,2,1,6,23,40,0,0,3,3,0,0,2,0,0,1,0,0,0.17647058823529413,13.685127566005391,7.71177436071622,5.726818967162773,4.033193371700646,2.582757680327848,7.333809887706992,5.2903831866907876,3.798096268912907,2.3924698321886475,-2.5299999999999994,15.368928878914653,6.29992189421445,3.0048133671800725,0,39.58085998634103,0,0,17.412202378610907,42.7255224855342,5.022633313741326,22.384282469939446,0,0,0,11.600939890232516,4.794537184071822,0,20.08125186839976,0,6.923737199690624,13.592428388589765,53.44208379412399,0,22.384282469939446,17.508119619584022,9.883888251797686,9.893218992372859,0,5.098681808301038,0,23.733674027155736,30.686289896772447,35.93880825733816,11.890771566461538,5.693927994848461,0,0,5.907179729351506,0,17,0,1,0,0,0,0,1,3,1,0,23,8,1,0,8,8,0,4,6,5,2,2,0,0,4,1,2,0,10,6,0,0,0,2,1,0,0,0,0,0,0
"CSAR_erk2_18",3.3722400000000023,113.78640000000001,170.16906504916102,102.93,393.4910000000001,393.21647510400004,7,4,7,4,5,1,7,29,56,1,0,3,3,0,0,2,0,0,1,0,0,0.3181818181818182,17.153148280856918,9.643088304893407,7.449056011782072,4.522958097161299,3.08141689962548,9.643088304893407,7.449056011782072,4.522958097161299,3.08141689962548,-3.1899999999999995,20.5418500830299,8.874853646380217,5.000102934314142,10.633577208012662,38.61436548069471,0,13.847474399381248,47.06813488254048,42.7255224855342,0,11.257379486545457,0,5.948339280986494,0,0,9.901064578912528,0,20.268724166847957,0,39.77863045705841,11.923670568519249,65.10980495547365,0,11.257379486545457,11.855519010338,20.724083123800575,4.794537184071822,9.967957041894417,0,0,29.828919765543436,44.8882188506181,23.99897946407111,18.34265078850934,5.693927994848461,0,5.948339280986494,5.907179729351506,0,22,0,0,0,0,0,0,2,3,2,0,29,13,1,0,9,8,0,7,9,7,4,4,0,0,6,3,3,0,10,7,0,0,0,1,2,0,0,0,0,0,0
"erk2_18",4.923700000000004,113.70690000000002,172.88766743025488,64.78,402.8850000000002,402.12473890800004,5,2,3,2,2,1,6,29,48,0,0,5,4,0,1,2,0,1,2,0,0,0.13043478260869565,16.408742205136992,9.908138800422723,7.652908327340947,5.630018124149046,4.072946065718328,9.530174327413496,7.216472546868962,5.3949210213613075,3.882658217579128,-3.3099999999999987,17.765845826203883,7.259172588181755,3.3401082428336086,0,32.53318800366384,12.965578028838586,0,21.615368162314272,66.99099075938064,5.022633313741326,22.384282469939446,0,0,0,11.600939890232516,4.794537184071822,0,20.08125186839976,0,12.965578028838586,6.544756405912575,88.83445505136444,0,22.384282469939446,17.508119619584022,9.883888251797686,9.893218992372859,0,5.098681808301038,0,47.99914230100217,41.310277303401826,35.435892680573545,11.890771566461538,5.693927994848461,0,0,5.907179729351506,0,23,0,1,0,0,0,0,0,4,1,0,29,5,1,0,16,11,0,3,6,5,2,2,0,0,2,0,1,0,17,9,0,0,0,2,3,0,0,0,0,2,1
"erk2_51",3.6927200000000013,121.6802,184.5606245498346,123.16000000000001,429.48000000000013,429.180089596,8,5,7,5,6,1,8,32,55,1,0,4,4,0,0,2,0,0,2,0,0,0.125,17.409762953115383,10.089986096335988,7.288712640845339,5.013149072286989,3.312175328761565,10.089986096335988,7.288712640845339,5.013149072286989,3.312175328761565,-4.169999999999999,21.0769372340908,9.318082337910944,4.601295749002541,10.633577208012662,37.679052046387454,0,6.923737199690624,27.657208991462234,73.05735782784225,0,11.257379486545457,0,11.635725555670057,5.749511833283905,0,15.007591973753234,0,20.268724166847957,0,12.965578028838586,11.923670568519249,89.87818880608474,0,17.00689131982936,17.54290528502156,25.83061051864128,4.794537184071822,9.967957041894417,0,0,42.46456947923127,36.249741388469445,17.957138634923147,24.030037063192903,11.443439828132366,0,5.948339280986494,5.907179729351506,0,24,0,0,0,0,0,0,2,3,3,0,32,11,1,0,12,11,0,7,11,8,5,5,0,0,4,3,2,0,15,8,0,0,0,1,3,0,0,0,0,0,0
"erk2_23",4.0927000000000024,109.0946,166.5382329637387,86.46000000000001,391.8620000000001,391.11998787600004,6,3,6,3,3,1,7,28,46,0,0,4,4,0,0,3,0,0,1,0,0,0.09523809523809523,15.701635423950444,9.23514091680006,6.77466458589141,4.648396299118047,3.2027480656550362,8.85717644379083,6.3382288054194245,4.413299196330308,3.012460217515836,-3.379999999999999,18.00530517350135,8.102901424896901,3.9679663400215053,5.316788604006331,32.617256793760575,6.4208216229260096,0,16.051916670617278,67.25194376568358,5.022633313741326,22.384282469939446,0,0,0,11.600939890232516,4.794537184071822,0,25.48210926250282,0,6.4208216229260096,6.544756405912575,83.53195656597036,0,22.384282469939446,17.508119619584022,10.30076712495354,14.877197513320068,0,5.098681808301038,0,29.800041095617345,41.81319288016644,41.284823417887125,11.890771566461538,5.693927994848461,0,0,5.907179729351506,0,21,0,1,0,0,0,0,1,4,1,0,28,8,1,0,11,11,0,6,7,6,3,3,0,0,2,3,1,0,15,7,0,0,0,2,2,0,0,0,0,0,0
"CSAR_erk2_9",5.293920000000004,130.03539999999998,200.372923251402,102.93,482.3710000000002,481.10723027200004,7,4,7,4,5,1,9,33,54,1,0,4,4,0,0,2,0,0,2,0,0,0.125,19.152985926481158,10.916939384280356,8.182622520291305,5.692133023205407,3.8333560149813657,10.1610104382619,7.3682222668100925,5.0621922348566954,3.3414202152632613,-3.3899999999999992,22.79147987971925,10.039046485370418,5.167972563401016,10.633577208012662,32.57252465154676,0,6.923737199690624,27.657208991462234,66.99099075938064,10.045266627482652,11.257379486545457,0,11.635725555670057,0,23.20187978046503,9.901064578912528,0,20.268724166847957,0,12.965578028838586,11.923670568519249,93.85708836510575,0,11.257379486545457,40.74478506548659,20.724083123800575,4.794537184071822,9.967957041894417,0,0,59.60008219123469,36.249741388469445,17.957138634923147,34.075303690675554,5.693927994848461,0,5.948339280986494,5.907179729351506,0,24,0,2,0,0,0,0,2,3,2,0,33,12,1,0,12,11,0,7,9,7,4,4,0,0,5,3,2,0,14,9,0,0,0,1,3,0,0,0,0,0,0
"erk2_04",1.5360799999999997,109.52290000000004,174.03757095412087,153.63,434.4740000000002,434.12600542399997,10,3,8,2,9,1,11,30,52,0,0,2,2,0,0,1,0,0,1,0,0,0.3157894736842105,17.79227644430628,10.614545501324372,8.117882003935406,5.112246317579873,3.507766447653715,8.723133963266118,6.1337245443561415,3.994267561827035,2.6789423964874532,-3.52,22.765823857075357,9.318397725319878,5.092493955151299,25.261044942568663,46.39120146520703,21.052611943415332,11.33111286753076,18.050640183084614,23.094584680902603,0,0,0,11.50524905251859,17.37901200300318,0,27.422923029800906,5.261891554738487,4.9839785209472085,0,18.24004229813441,38.132702311747906,29.32600418877882,0,23.448233315795452,27.249681918287596,25.261044942568663,4.794537184071822,8.417796984328938,10.245870075685694,0,0,12.990104268152233,23.951954812131618,32.93468494467756,33.84504272440988,9.837253136417502,11.787168065786876,0,0,19,0,0,0,0,1,0,3,1,6,0,30,15,3,1,6,6,0,8,16,10,3,2,0,0,9,7,1,1,4,8,0,0,0,0,2,0,0,0,0,0,0
"CSAR_erk2_8",2.55312,101.66120000000002,155.86847245816725,123.16,367.4090000000001,367.1644395320001,8,5,6,5,6,1,8,27,48,0,0,3,3,0,0,2,0,0,1,0,0,0.21052631578947367,15.075417849974547,8.529533521382008,6.063332525331178,4.000571075198042,2.596250477041001,8.529533521382008,6.063332525331178,4.000571075198042,2.596250477041001,-3.5500000000000003,18.247356811190322,7.774560957848564,4.16994701316121,10.633577208012662,37.61692648778711,6.544756405912575,6.923737199690624,28.539105362004896,36.6591554170726,0,11.257379486545457,0,5.948339280986494,11.49902366656781,0,15.007591973753232,0,20.268724166847957,0,20.392230805293824,11.861545009918906,53.47998639531505,0,22.75640315311327,11.855519010338,25.83061051864128,4.794537184071822,9.967957041894417,0,0,6.06636706846161,43.173478588160066,31.0466514467483,5.693927994848461,5.693927994848461,11.49902366656781,5.948339280986494,5.907179729351506,0,19,0,0,0,0,0,0,2,3,3,0,27,11,1,0,9,8,0,6,11,8,5,5,0,0,5,4,1,0,9,8,0,0,0,1,2,0,0,0,0,0,0
"CSAR_erk2_21",2.21582,99.3201,150.86426721937588,116.92,351.4100000000001,351.16952491200004,7,5,6,4,5,1,7,26,47,1,0,3,3,0,0,2,0,0,1,0,0,0.21052631578947367,14.437605331233094,8.327704163991195,6.010863420918382,4.116460844261828,2.782678004681197,8.327704163991195,6.010863420918382,4.116460844261828,2.782678004681197,-3.1899999999999995,17.627190088444856,7.794563140439574,3.8915305819081993,11.050456081168516,32.57252465154675,0,6.923737199690624,34.07803061438825,48.79188955399581,0,11.257379486545457,0,5.948339280986494,0,0,9.901064578912528,0,20.268724166847957,0,19.386399651764595,12.340549441675103,65.61272053223827,0,11.257379486545457,11.855519010338,21.14096199695643,4.794537184071822,9.967957041894417,0,0,30.33183534230805,30.537828874472233,24.564020599436066,11.735768823996422,5.693927994848461,0,5.948339280986494,5.907179729351506,0,19,0,0,0,0,0,0,2,3,2,0,26,10,1,0,9,8,0,6,9,7,5,4,0,0,4,3,2,0,11,6,0,0,0,1,2,0,0,0,0,0,0
"CSAR_erk2_36",3.608900000000002,65.67570000000002,99.64296282686541,28.68,232.7139999999999,232.076726096,2,1,1,1,1,0,3,16,29,0,0,3,2,0,1,1,0,0,1,0,1,0.3076923076923077,9.718935216032335,6.042634291246266,4.679755963175844,3.42597581170742,2.4534229218736807,5.664669818237038,4.243320182703859,3.173999496367936,2.3274347642039386,-1.2799999999999998,9.911593599047643,3.945471990536018,1.63198342908041,0,10.197363616602075,12.841643245852019,0,24.099022732397476,24.26546827384644,5.022633313741326,11.257379486545457,0,0,0,11.600939890232516,0,0,10.197363616602075,0,25.683286491704038,0,40.54548107413322,0,11.257379486545457,11.600939890232516,0,5.098681808301038,0,5.098681808301038,0,23.733674027155736,37.81602062862726,21.84346429198378,5.693927994848461,0,0,0,0,0,13,0,1,0,0,0,0,0,2,0,0,16,2,0,0,11,5,0,1,2,2,1,1,0,0,1,0,0,0,10,5,0,0,0,1,2,0,0,0,0,2,1
"erk2_22",3.6340000000000012,100.12760000000002,155.46403119589564,82.79999999999998,370.84000000000003,370.119653528,6,3,5,3,3,1,7,26,45,1,1,4,3,1,1,2,1,1,1,0,0,0.2631578947368421,14.844832873718566,8.962046786774225,6.752542980737547,4.740652411812319,3.3482302069480174,8.584082313764997,6.316107200265562,4.50555530902458,3.157942358808817,-2.5699999999999994,16.874717440496667,7.352481855702289,3.517069642478609,5.316788604006331,40.34412662507459,4.736862953800049,0,23.330108424772302,42.7255224855342,5.022633313741326,22.384282469939446,0,0,0,11.600939890232516,9.53140013787187,0,20.498130741555613,0,18.94560963360032,13.151638370425493,53.44208379412399,0,22.384282469939446,17.508119619584022,15.037630078753587,9.893218992372859,0,5.098681808301038,0,23.733674027155736,36.60419594293384,35.49801823917389,17.99473795420984,5.693927994848461,0,0,5.907179729351506,0,19,0,1,0,0,0,0,1,3,1,1,26,7,1,0,13,8,0,5,8,6,3,3,0,0,2,2,1,0,14,7,0,0,0,3,1,0,0,0,0,0,0
"CSAR_erk2_38",5.147700000000004,117.74009999999998,173.25217655961248,58.64,485.3500000000002,485.00588113199996,4,1,4,1,3,0,6,27,43,1,1,4,4,0,0,2,0,0,2,0,0,0.047619047619047616,17.491086347316433,10.955211410122569,8.65903964365844,5.837553939927275,3.9490139208700974,8.318384059809485,6.033754613216737,4.23054269910437,2.886553597767612,-2.3199999999999994,18.062438437635738,7.736142689906348,3.8625600067519392,0,25.4166032385175,10.799569042904308,3.5701822710653963,0,77.95284130336003,0,33.90261496278784,0,0,0,22.590870627068057,4.208898492164469,0,14.951935562841626,0,4.895483475517775,6.255769183511404,76.62754009890766,0,33.90261496278784,33.390439669972366,4.9839785209472085,9.192877013111676,4.9839785209472085,0,0,24.26546827384644,58.98907303783771,54.60504559131603,11.387855989696922,5.824404497999927,0,0,0,0,21,0,0,0,1,1,0,0,3,1,0,27,6,1,0,12,11,0,4,5,4,1,1,0,0,3,0,1,0,15,8,0,0,0,1,3,0,0,0,0,0,0
